date,ligne,produit,quantite_produite,quantite_defauts,temps_arret_min,operateur
2024-01-01,Ligne_1,Produit_A,277,13,3.0,Equipe_Matin
2024-01-01,Ligne_1,Produit_B,474,25,10.0,Equipe_Nuit
2024-01-01,Ligne_2,Produit_A,282,8,48.0,Equipe_Apres_Midi
2024-01-01,Ligne_2,Produit_B,200,7,17.0,Equipe_Matin
2024-01-01,Ligne_2,Produit_C,144,12,10.0,Equipe_Nuit
2024-01-01,Ligne_3,Produit_A,211,6,7.0,Equipe_Apres_Midi
2024-01-02,Ligne_1,Produit_A,419,7,25.0,Equipe_Matin
2024-01-02,Ligne_1,Produit_B,107,2,7.0,Equipe_Matin
2024-01-02,Ligne_1,Produit_C,345,14,5.0,Equipe_Apres_Midi
2024-01-02,Ligne_2,Produit_B,411,15,14.0,Equipe_Nuit
2024-01-02,Ligne_2,Produit_C,146,5,2.0,Equipe_Matin
2024-01-02,Ligne_3,Produit_A,422,9,8.0,Equipe_Apres_Midi
2024-01-02,Ligne_3,Produit_B,454,15,0.0,Equipe_Matin
2024-01-03,Ligne_1,Produit_A,184,6,16.0,Equipe_Matin
2024-01-03,Ligne_1,Produit_B,208,4,28.0,Equipe_Apres_Midi
2024-01-03,Ligne_2,Produit_A,499,11,34.0,Equipe_Matin
2024-01-03,Ligne_3,Produit_A,197,3,28.0,Equipe_Apres_Midi
2024-01-03,Ligne_3,Produit_C,123,5,35.0,Equipe_Nuit
2024-01-04,Ligne_1,Produit_B,388,7,,Equipe_Apres_Midi
2024-01-04,Ligne_1,Produit_C,107,4,24.0,Equipe_Matin
2024-01-04,Ligne_2,Produit_A,409,12,12.0,Equipe_Matin
2024-01-04,Ligne_3,Produit_A,476,25,3.0,Equipe_Nuit
2024-01-04,Ligne_3,Produit_B,65,3,22.0,Equipe_Nuit
2024-01-04,Ligne_3,Produit_C,279,6,36.0,Equipe_Apres_Midi
2024-01-05,Ligne_1,Produit_B,299,8,8.0,Equipe_Apres_Midi
2024-01-05,Ligne_2,Produit_B,320,11,42.0,Equipe_Apres_Midi
2024-01-05,Ligne_3,Produit_B,75,5,1.0,Equipe_Matin
2024-01-06,Ligne_2,Produit_C,213,3,1.0,Equipe_Nuit
2024-01-06,Ligne_3,Produit_B,389,12,0.0,Equipe_Apres_Midi
2024-01-08,Ligne_1,Produit_A,312,9,1.0,Equipe_Matin
2024-01-08,Ligne_1,Produit_B,363,7,6.0,Equipe_Apres_Midi
2024-01-08,Ligne_2,Produit_A,179,3,15.0,Equipe_Apres_Midi
2024-01-08,Ligne_2,Produit_C,294,14,14.0,Equipe_Nuit
2024-01-08,Ligne_3,Produit_A,65,2,9.0,Equipe_Nuit
2024-01-08,Ligne_3,Produit_C,147,5,0.0,Equipe_Apres_Midi
2024-01-09,Ligne_1,Produit_B,157,8,2.0,Equipe_Nuit
2024-01-09,Ligne_2,Produit_A,232,7,0.0,Equipe_Apres_Midi
2024-01-09,Ligne_3,Produit_B,144,3,33.0,Equipe_Matin
2024-01-09,Ligne_3,Produit_C,186,7,0.0,Equipe_Matin
2024-01-10,Ligne_1,Produit_B,331,19,19.0,Equipe_Nuit
2024-01-10,Ligne_2,Produit_A,110,5,11.0,Equipe_Apres_Midi
2024-01-10,Ligne_3,Produit_A,244,6,1.0,Equipe_Matin
2024-01-10,Ligne_3,Produit_B,205,1,12.0,Equipe_Apres_Midi
2024-01-10,Ligne_3,Produit_C,275,17,,Equipe_Nuit
2024-01-11,Ligne_1,Produit_A,328,19,15.0,Equipe_Nuit
2024-01-11,Ligne_1,Produit_B,65,4,8.0,Equipe_Nuit
2024-01-12,Ligne_1,Produit_A,410,14,,Equipe_Apres_Midi
2024-01-12,Ligne_1,Produit_B,200,13,0.0,Equipe_Nuit
2024-01-12,Ligne_2,Produit_B,124,5,0.0,Equipe_Matin
2024-01-12,Ligne_3,Produit_C,62,3,2.0,Equipe_Apres_Midi
2024-01-13,Ligne_1,Produit_A,476,21,6.0,Equipe_Nuit
2024-01-13,Ligne_1,Produit_C,122,6,25.0,Equipe_Nuit
2024-01-13,Ligne_3,Produit_A,329,6,19.0,Equipe_Apres_Midi
2024-01-13,Ligne_3,Produit_C,423,14,4.0,Equipe_Matin
2024-01-15,Ligne_1,Produit_C,50,4,1.0,Equipe_Matin
2024-01-15,Ligne_2,Produit_A,371,12,11.0,Equipe_Apres_Midi
2024-01-15,Ligne_2,Produit_B,423,12,16.0,Equipe_Matin
2024-01-15,Ligne_3,Produit_A,437,15,33.0,Equipe_Matin
2024-01-15,Ligne_3,Produit_B,195,11,36.0,Equipe_Nuit
2024-01-16,Ligne_1,Produit_A,293,6,6.0,Equipe_Matin
2024-01-16,Ligne_2,Produit_A,484,19,10.0,Equipe_Nuit
2024-01-16,Ligne_3,Produit_C,131,4,18.0,Equipe_Apres_Midi
2024-01-17,Ligne_1,Produit_A,210,3,24.0,Equipe_Apres_Midi
2024-01-17,Ligne_1,Produit_B,292,8,9.0,Equipe_Matin
2024-01-17,Ligne_1,Produit_C,78,3,3.0,Equipe_Apres_Midi
2024-01-17,Ligne_2,Produit_A,498,14,6.0,Equipe_Matin
2024-01-17,Ligne_2,Produit_B,180,3,4.0,Equipe_Nuit
2024-01-17,Ligne_2,Produit_C,374,17,0.0,Equipe_Matin
2024-01-17,Ligne_3,Produit_B,256,10,3.0,Equipe_Apres_Midi
2024-01-18,Ligne_1,Produit_B,58,2,18.0,Equipe_Apres_Midi
2024-01-18,Ligne_1,Produit_C,271,3,19.0,Equipe_Matin
2024-01-18,Ligne_3,Produit_B,226,13,0.0,Equipe_Nuit
2024-01-19,Ligne_1,Produit_A,462,16,21.0,Equipe_Matin
2024-01-19,Ligne_1,Produit_B,495,17,66.0,Equipe_Apres_Midi
2024-01-19,Ligne_2,Produit_A,74,1,2.0,Equipe_Apres_Midi
2024-01-19,Ligne_2,Produit_C,488,18,,Equipe_Nuit
2024-01-19,Ligne_3,Produit_A,238,3,18.0,Equipe_Matin
2024-01-19,Ligne_3,Produit_C,283,9,8.0,Equipe_Apres_Midi
2024-01-20,Ligne_1,Produit_B,446,25,3.0,Equipe_Nuit
2024-01-20,Ligne_2,Produit_A,471,25,0.0,Equipe_Nuit
2024-01-20,Ligne_2,Produit_C,445,19,19.0,Equipe_Matin
2024-01-20,Ligne_3,Produit_C,87,5,9.0,Equipe_Matin
2024-01-22,Ligne_1,Produit_A,136,10,22.0,Equipe_Matin
2024-01-22,Ligne_1,Produit_B,167,11,13.0,Equipe_Nuit
2024-01-22,Ligne_2,Produit_C,366,19,8.0,Equipe_Matin
2024-01-22,Ligne_3,Produit_B,488,25,4.0,Equipe_Nuit
2024-01-22,Ligne_3,Produit_C,72,2,7.0,Equipe_Apres_Midi
2024-01-23,Ligne_1,Produit_A,478,10,8.0,Equipe_Apres_Midi
2024-01-23,Ligne_3,Produit_B,242,10,35.0,Equipe_Nuit
2024-01-24,Ligne_1,Produit_C,480,18,2.0,Equipe_Nuit
2024-01-24,Ligne_2,Produit_B,357,13,34.0,Equipe_Apres_Midi
2024-01-24,Ligne_2,Produit_C,132,1,11.0,Equipe_Apres_Midi
2024-01-24,Ligne_3,Produit_A,193,8,19.0,Equipe_Apres_Midi
2024-01-24,Ligne_3,Produit_C,306,12,12.0,Equipe_Nuit
2024-01-25,Ligne_1,Produit_A,475,25,12.0,Equipe_Nuit
2024-01-25,Ligne_2,Produit_A,418,10,9.0,Equipe_Matin
2024-01-25,Ligne_2,Produit_C,384,7,15.0,Equipe_Apres_Midi
2024-01-26,Ligne_1,Produit_B,125,4,21.0,Equipe_Apres_Midi
2024-01-26,Ligne_1,Produit_C,480,22,0.0,Equipe_Nuit
2024-01-26,Ligne_3,Produit_A,232,13,10.0,Equipe_Nuit
2024-01-26,Ligne_3,Produit_C,144,0,4.0,Equipe_Matin
2024-01-27,Ligne_1,Produit_A,394,12,4.0,Equipe_Apres_Midi
2024-01-27,Ligne_1,Produit_C,241,11,18.0,Equipe_Matin
2024-01-27,Ligne_2,Produit_B,106,4,10.0,Equipe_Apres_Midi
2024-01-27,Ligne_3,Produit_B,411,13,6.0,Equipe_Matin
2024-01-27,Ligne_3,Produit_C,327,8,6.0,Equipe_Matin
2024-01-29,Ligne_1,Produit_B,291,10,,Equipe_Apres_Midi
2024-01-29,Ligne_2,Produit_A,491,16,5.0,Equipe_Nuit
2024-01-29,Ligne_2,Produit_C,168,6,11.0,Equipe_Nuit
2024-01-29,Ligne_3,Produit_B,257,10,55.0,Equipe_Nuit
2024-01-29,Ligne_3,Produit_C,319,9,10.0,Equipe_Apres_Midi
2024-01-30,Ligne_1,Produit_B,387,11,23.0,Equipe_Matin
2024-01-30,Ligne_1,Produit_C,152,4,0.0,Equipe_Nuit
2024-01-30,Ligne_2,Produit_C,288,16,4.0,Equipe_Nuit
2024-01-30,Ligne_3,Produit_A,373,9,,Equipe_Apres_Midi
2024-01-30,Ligne_3,Produit_B,51,3,31.0,Equipe_Nuit
2024-01-31,Ligne_1,Produit_A,383,25,8.0,Equipe_Nuit
2024-01-31,Ligne_3,Produit_A,463,17,2.0,Equipe_Matin
2024-01-31,Ligne_3,Produit_B,167,7,5.0,Equipe_Matin
2024-01-31,Ligne_3,Produit_C,283,9,33.0,Equipe_Nuit
2024-02-01,Ligne_1,Produit_A,135,5,41.0,Equipe_Nuit
2024-02-01,Ligne_1,Produit_C,199,9,8.0,Equipe_Matin
2024-02-01,Ligne_2,Produit_B,492,17,0.0,Equipe_Apres_Midi
2024-02-02,Ligne_1,Produit_A,278,11,6.0,Equipe_Nuit
2024-02-02,Ligne_1,Produit_B,206,16,7.0,Equipe_Nuit
2024-02-02,Ligne_2,Produit_A,62,0,8.0,Equipe_Apres_Midi
2024-02-02,Ligne_2,Produit_B,194,7,10.0,Equipe_Matin
2024-02-02,Ligne_2,Produit_C,206,6,3.0,Equipe_Nuit
2024-02-02,Ligne_3,Produit_A,365,13,43.0,Equipe_Matin
2024-02-03,Ligne_1,Produit_A,52,3,1.0,Equipe_Nuit
2024-02-03,Ligne_1,Produit_B,489,20,0.0,Equipe_Nuit
2024-02-03,Ligne_2,Produit_A,227,3,8.0,Equipe_Matin
2024-02-03,Ligne_3,Produit_A,188,5,11.0,Equipe_Matin
2024-02-03,Ligne_3,Produit_B,118,7,38.0,Equipe_Nuit
2024-02-05,Ligne_2,Produit_B,235,9,15.0,Equipe_Nuit
2024-02-05,Ligne_2,Produit_C,479,15,6.0,Equipe_Nuit
2024-02-06,Ligne_1,Produit_A,226,11,1.0,Equipe_Nuit
2024-02-06,Ligne_1,Produit_C,139,6,36.0,Equipe_Nuit
2024-02-06,Ligne_2,Produit_B,127,7,11.0,Equipe_Matin
2024-02-06,Ligne_2,Produit_C,139,14,5.0,Equipe_Nuit
2024-02-06,Ligne_3,Produit_A,91,3,3.0,Equipe_Nuit
2024-02-06,Ligne_3,Produit_B,153,5,49.0,Equipe_Nuit
2024-02-06,Ligne_3,Produit_C,255,10,7.0,Equipe_Apres_Midi
2024-02-07,Ligne_2,Produit_A,160,5,5.0,Equipe_Matin
2024-02-07,Ligne_2,Produit_B,83,3,10.0,Equipe_Apres_Midi
2024-02-07,Ligne_2,Produit_C,471,25,3.0,Equipe_Nuit
2024-02-07,Ligne_3,Produit_A,80,5,24.0,Equipe_Matin
2024-02-08,Ligne_1,Produit_A,471,20,26.0,Equipe_Matin
2024-02-08,Ligne_1,Produit_B,71,1,2.0,Equipe_Nuit
2024-02-08,Ligne_2,Produit_C,174,2,23.0,Equipe_Matin
2024-02-08,Ligne_3,Produit_B,309,16,18.0,Equipe_Nuit
2024-02-08,Ligne_3,Produit_C,183,4,11.0,Equipe_Apres_Midi
2024-02-09,Ligne_1,Produit_A,378,12,6.0,Equipe_Apres_Midi
2024-02-09,Ligne_1,Produit_C,336,4,17.0,Equipe_Nuit
2024-02-09,Ligne_2,Produit_A,143,0,4.0,Equipe_Apres_Midi
2024-02-09,Ligne_3,Produit_A,338,11,9.0,Equipe_Apres_Midi
2024-02-09,Ligne_3,Produit_B,282,11,9.0,Equipe_Apres_Midi
2024-02-09,Ligne_3,Produit_C,493,20,6.0,Equipe_Matin
2024-02-10,Ligne_1,Produit_B,434,18,20.0,Equipe_Nuit
2024-02-10,Ligne_2,Produit_A,428,13,12.0,Equipe_Apres_Midi
2024-02-10,Ligne_3,Produit_C,169,4,1.0,Equipe_Apres_Midi
2024-02-12,Ligne_1,Produit_A,225,9,8.0,Equipe_Apres_Midi
2024-02-12,Ligne_1,Produit_C,81,1,4.0,Equipe_Matin
2024-02-12,Ligne_2,Produit_B,421,16,0.0,Equipe_Apres_Midi
2024-02-12,Ligne_3,Produit_B,478,12,15.0,Equipe_Apres_Midi
2024-02-12,Ligne_3,Produit_C,418,25,1.0,Equipe_Nuit
2024-02-13,Ligne_1,Produit_B,106,1,35.0,Equipe_Apres_Midi
2024-02-13,Ligne_2,Produit_A,493,18,10.0,Equipe_Apres_Midi
2024-02-13,Ligne_2,Produit_B,377,21,10.0,Equipe_Nuit
2024-02-13,Ligne_2,Produit_C,69,2,13.0,Equipe_Matin
2024-02-13,Ligne_3,Produit_A,171,6,5.0,Equipe_Apres_Midi
2024-02-13,Ligne_3,Produit_B,121,11,3.0,Equipe_Nuit
2024-02-13,Ligne_3,Produit_C,135,8,8.0,Equipe_Nuit
2024-02-14,Ligne_1,Produit_A,444,16,6.0,Equipe_Apres_Midi
2024-02-14,Ligne_1,Produit_B,482,25,31.0,Equipe_Nuit
2024-02-14,Ligne_2,Produit_C,499,17,17.0,Equipe_Apres_Midi
2024-02-14,Ligne_3,Produit_A,201,8,47.0,Equipe_Matin
2024-02-14,Ligne_3,Produit_B,325,12,29.0,Equipe_Nuit
2024-02-15,Ligne_1,Produit_B,93,2,4.0,Equipe_Matin
2024-02-15,Ligne_2,Produit_C,100,8,28.0,Equipe_Nuit
2024-02-15,Ligne_3,Produit_A,291,10,1.0,Equipe_Matin
2024-02-15,Ligne_3,Produit_B,330,5,5.0,Equipe_Apres_Midi
2024-02-16,Ligne_1,Produit_B,59,2,3.0,Equipe_Matin
2024-02-16,Ligne_2,Produit_B,393,10,16.0,Equipe_Apres_Midi
2024-02-16,Ligne_3,Produit_A,191,13,10.0,Equipe_Nuit
2024-02-16,Ligne_3,Produit_B,66,2,5.0,Equipe_Apres_Midi
2024-02-16,Ligne_3,Produit_C,175,4,8.0,Equipe_Matin
2024-02-17,Ligne_2,Produit_B,185,2,12.0,Equipe_Apres_Midi
2024-02-17,Ligne_3,Produit_A,437,16,8.0,Equipe_Nuit
2024-02-17,Ligne_3,Produit_B,140,3,6.0,Equipe_Matin
2024-02-17,Ligne_3,Produit_C,430,25,18.0,Equipe_Nuit
2024-02-19,Ligne_1,Produit_B,174,5,8.0,Equipe_Matin
2024-02-19,Ligne_2,Produit_C,418,21,34.0,Equipe_Nuit
2024-02-19,Ligne_3,Produit_A,187,5,,Equipe_Apres_Midi
2024-02-19,Ligne_3,Produit_B,119,5,44.0,Equipe_Matin
2024-02-20,Ligne_1,Produit_A,345,10,20.0,Equipe_Apres_Midi
2024-02-20,Ligne_1,Produit_B,112,11,30.0,Equipe_Nuit
2024-02-20,Ligne_2,Produit_A,370,14,8.0,Equipe_Nuit
2024-02-20,Ligne_2,Produit_B,106,0,30.0,Equipe_Matin
2024-02-20,Ligne_2,Produit_C,425,17,3.0,Equipe_Apres_Midi
2024-02-20,Ligne_3,Produit_B,464,14,12.0,Equipe_Apres_Midi
2024-02-20,Ligne_3,Produit_C,457,19,36.0,Equipe_Nuit
2024-02-21,Ligne_1,Produit_A,340,10,3.0,Equipe_Apres_Midi
2024-02-21,Ligne_1,Produit_B,176,7,28.0,Equipe_Apres_Midi
2024-02-21,Ligne_1,Produit_C,264,9,9.0,Equipe_Nuit
2024-02-21,Ligne_3,Produit_A,164,8,3.0,Equipe_Apres_Midi
2024-02-21,Ligne_3,Produit_B,191,7,20.0,Equipe_Apres_Midi
2024-02-22,Ligne_1,Produit_A,174,8,28.0,Equipe_Nuit
2024-02-22,Ligne_1,Produit_B,477,14,24.0,Equipe_Matin
2024-02-22,Ligne_2,Produit_A,384,10,47.0,Equipe_Matin
2024-02-22,Ligne_3,Produit_A,487,21,23.0,Equipe_Matin
2024-02-22,Ligne_3,Produit_C,219,6,0.0,Equipe_Apres_Midi
2024-02-23,Ligne_1,Produit_C,165,6,7.0,Equipe_Apres_Midi
2024-02-23,Ligne_2,Produit_B,109,7,22.0,Equipe_Nuit
2024-02-23,Ligne_3,Produit_A,146,7,10.0,Equipe_Nuit
2024-02-23,Ligne_3,Produit_B,124,3,51.0,Equipe_Apres_Midi
2024-02-23,Ligne_3,Produit_C,325,10,3.0,Equipe_Matin
2024-02-24,Ligne_1,Produit_A,349,14,9.0,Equipe_Matin
2024-02-24,Ligne_1,Produit_C,267,13,1.0,Equipe_Nuit
2024-02-24,Ligne_2,Produit_A,83,1,11.0,Equipe_Nuit
2024-02-24,Ligne_2,Produit_B,414,25,8.0,Equipe_Nuit
2024-02-24,Ligne_2,Produit_C,234,16,9.0,Equipe_Nuit
2024-02-24,Ligne_3,Produit_A,494,25,7.0,Equipe_Nuit
2024-02-26,Ligne_1,Produit_A,188,5,5.0,Equipe_Apres_Midi
2024-02-26,Ligne_1,Produit_B,153,5,19.0,Equipe_Apres_Midi
2024-02-26,Ligne_2,Produit_B,145,7,7.0,Equipe_Nuit
2024-02-26,Ligne_2,Produit_C,390,10,2.0,Equipe_Matin
2024-02-26,Ligne_3,Produit_A,490,16,1.0,Equipe_Apres_Midi
2024-02-26,Ligne_3,Produit_B,456,16,11.0,Equipe_Nuit
2024-02-27,Ligne_1,Produit_B,459,12,0.0,Equipe_Matin
2024-02-27,Ligne_1,Produit_C,256,3,26.0,Equipe_Matin
2024-02-27,Ligne_2,Produit_B,415,20,0.0,Equipe_Matin
2024-02-27,Ligne_3,Produit_C,449,25,19.0,Equipe_Nuit
2024-02-28,Ligne_1,Produit_A,281,7,6.0,Equipe_Apres_Midi
2024-02-28,Ligne_1,Produit_B,431,15,11.0,Equipe_Apres_Midi
2024-02-28,Ligne_1,Produit_C,107,3,1.0,Equipe_Nuit
2024-02-28,Ligne_2,Produit_A,483,12,0.0,Equipe_Matin
2024-02-28,Ligne_2,Produit_C,204,3,14.0,Equipe_Matin
2024-02-28,Ligne_3,Produit_A,421,14,60.0,Equipe_Matin
2024-02-29,Ligne_1,Produit_B,360,12,0.0,Equipe_Matin
2024-02-29,Ligne_2,Produit_A,294,10,0.0,Equipe_Nuit
2024-02-29,Ligne_2,Produit_B,121,0,5.0,Equipe_Matin
2024-02-29,Ligne_3,Produit_A,492,18,3.0,Equipe_Matin
2024-02-29,Ligne_3,Produit_B,244,11,25.0,Equipe_Nuit
2024-03-01,Ligne_1,Produit_B,367,9,7.0,Equipe_Apres_Midi
2024-03-01,Ligne_2,Produit_A,403,24,15.0,Equipe_Nuit
2024-03-01,Ligne_2,Produit_B,404,19,0.0,Equipe_Nuit
2024-03-01,Ligne_3,Produit_A,89,7,3.0,Equipe_Matin
2024-03-01,Ligne_3,Produit_B,350,7,27.0,Equipe_Matin
2024-03-02,Ligne_1,Produit_A,288,21,22.0,Equipe_Nuit
2024-03-02,Ligne_1,Produit_B,216,6,9.0,Equipe_Matin
2024-03-02,Ligne_2,Produit_A,449,12,21.0,Equipe_Matin
2024-03-02,Ligne_2,Produit_C,330,9,29.0,Equipe_Apres_Midi
2024-03-02,Ligne_3,Produit_B,280,10,5.0,Equipe_Apres_Midi
2024-03-04,Ligne_1,Produit_B,441,21,3.0,Equipe_Nuit
2024-03-04,Ligne_1,Produit_C,404,25,13.0,Equipe_Nuit
2024-03-04,Ligne_2,Produit_A,95,5,4.0,Equipe_Nuit
2024-03-04,Ligne_2,Produit_B,202,6,5.0,Equipe_Apres_Midi
2024-03-04,Ligne_3,Produit_A,271,13,0.0,Equipe_Nuit
2024-03-04,Ligne_3,Produit_B,119,4,9.0,Equipe_Apres_Midi
2024-03-05,Ligne_1,Produit_A,149,5,10.0,Equipe_Matin
2024-03-05,Ligne_1,Produit_B,414,20,36.0,Equipe_Nuit
2024-03-05,Ligne_1,Produit_C,445,17,5.0,Equipe_Apres_Midi
2024-03-05,Ligne_2,Produit_C,226,11,22.0,Equipe_Apres_Midi
2024-03-06,Ligne_2,Produit_B,312,11,,Equipe_Nuit
2024-03-06,Ligne_3,Produit_B,282,7,,Equipe_Apres_Midi
2024-03-07,Ligne_1,Produit_A,163,5,6.0,Equipe_Apres_Midi
2024-03-07,Ligne_2,Produit_B,67,4,51.0,Equipe_Apres_Midi
2024-03-07,Ligne_3,Produit_A,116,10,,Equipe_Apres_Midi
2024-03-07,Ligne_3,Produit_C,271,12,22.0,Equipe_Apres_Midi
2024-03-08,Ligne_1,Produit_A,283,4,27.0,Equipe_Apres_Midi
2024-03-08,Ligne_1,Produit_C,122,4,9.0,Equipe_Matin
2024-03-08,Ligne_2,Produit_A,62,3,5.0,Equipe_Matin
2024-03-08,Ligne_3,Produit_A,316,18,13.0,Equipe_Nuit
2024-03-08,Ligne_3,Produit_C,243,7,27.0,Equipe_Matin
2024-03-09,Ligne_1,Produit_A,144,9,0.0,Equipe_Nuit
2024-03-09,Ligne_2,Produit_A,347,9,,Equipe_Apres_Midi
2024-03-11,Ligne_1,Produit_B,457,25,3.0,Equipe_Nuit
2024-03-11,Ligne_2,Produit_C,299,11,0.0,Equipe_Apres_Midi
2024-03-11,Ligne_3,Produit_C,360,7,14.0,Equipe_Matin
2024-03-12,Ligne_1,Produit_B,278,13,3.0,Equipe_Nuit
2024-03-12,Ligne_2,Produit_A,231,5,38.0,Equipe_Matin
2024-03-12,Ligne_2,Produit_C,164,5,6.0,Equipe_Nuit
2024-03-12,Ligne_3,Produit_A,399,12,2.0,Equipe_Matin
2024-03-13,Ligne_1,Produit_A,160,6,0.0,Equipe_Matin
2024-03-13,Ligne_2,Produit_B,98,5,17.0,Equipe_Apres_Midi
2024-03-13,Ligne_2,Produit_C,308,5,,Equipe_Matin
2024-03-13,Ligne_3,Produit_C,483,16,2.0,Equipe_Apres_Midi
2024-03-14,Ligne_1,Produit_B,188,10,1.0,Equipe_Nuit
2024-03-14,Ligne_1,Produit_C,328,14,17.0,Equipe_Nuit
2024-03-14,Ligne_2,Produit_A,359,15,1.0,Equipe_Apres_Midi
2024-03-14,Ligne_2,Produit_C,198,9,13.0,Equipe_Nuit
2024-03-14,Ligne_3,Produit_A,396,15,8.0,Equipe_Matin
2024-03-14,Ligne_3,Produit_B,54,2,19.0,Equipe_Apres_Midi
2024-03-14,Ligne_3,Produit_C,139,4,8.0,Equipe_Matin
2024-03-15,Ligne_1,Produit_A,375,11,2.0,Equipe_Apres_Midi
2024-03-15,Ligne_1,Produit_B,396,14,15.0,Equipe_Matin
2024-03-15,Ligne_1,Produit_C,112,0,3.0,Equipe_Nuit
2024-03-15,Ligne_2,Produit_A,361,14,12.0,Equipe_Apres_Midi
2024-03-15,Ligne_3,Produit_B,115,3,35.0,Equipe_Nuit
2024-03-15,Ligne_3,Produit_C,203,6,15.0,Equipe_Matin
2024-03-16,Ligne_2,Produit_B,437,14,5.0,Equipe_Apres_Midi
2024-03-18,Ligne_1,Produit_A,152,3,42.0,Equipe_Matin
2024-03-18,Ligne_2,Produit_C,124,3,41.0,Equipe_Matin
2024-03-18,Ligne_3,Produit_A,462,15,11.0,Equipe_Apres_Midi
2024-03-19,Ligne_1,Produit_B,227,5,17.0,Equipe_Nuit
2024-03-19,Ligne_2,Produit_C,492,11,0.0,Equipe_Matin
2024-03-20,Ligne_1,Produit_B,119,1,12.0,Equipe_Matin
2024-03-20,Ligne_1,Produit_C,99,3,6.0,Equipe_Matin
2024-03-20,Ligne_2,Produit_B,193,11,41.0,Equipe_Nuit
2024-03-20,Ligne_2,Produit_C,58,6,14.0,Equipe_Nuit
2024-03-20,Ligne_3,Produit_A,305,10,3.0,Equipe_Apres_Midi
2024-03-20,Ligne_3,Produit_B,481,14,7.0,Equipe_Matin
2024-03-21,Ligne_1,Produit_A,337,8,2.0,Equipe_Matin
2024-03-21,Ligne_1,Produit_B,488,25,23.0,Equipe_Nuit
2024-03-21,Ligne_1,Produit_C,395,19,17.0,Equipe_Nuit
2024-03-21,Ligne_2,Produit_A,330,5,1.0,Equipe_Matin
2024-03-21,Ligne_2,Produit_C,56,5,9.0,Equipe_Nuit
2024-03-22,Ligne_1,Produit_A,302,15,4.0,Equipe_Nuit
2024-03-22,Ligne_2,Produit_A,115,7,10.0,Equipe_Nuit
2024-03-22,Ligne_2,Produit_C,67,3,55.0,Equipe_Apres_Midi
2024-03-22,Ligne_3,Produit_B,57,3,4.0,Equipe_Nuit
2024-03-23,Ligne_1,Produit_A,267,6,17.0,Equipe_Apres_Midi
2024-03-23,Ligne_1,Produit_B,493,19,41.0,Equipe_Nuit
2024-03-23,Ligne_2,Produit_B,183,4,0.0,Equipe_Apres_Midi
2024-03-23,Ligne_2,Produit_C,498,12,0.0,Equipe_Apres_Midi
2024-03-23,Ligne_3,Produit_A,234,7,0.0,Equipe_Apres_Midi
2024-03-25,Ligne_1,Produit_A,410,11,13.0,Equipe_Matin
2024-03-25,Ligne_2,Produit_A,270,11,9.0,Equipe_Nuit
2024-03-25,Ligne_2,Produit_C,464,16,0.0,Equipe_Apres_Midi
2024-03-25,Ligne_3,Produit_C,285,12,5.0,Equipe_Matin
2024-03-26,Ligne_2,Produit_A,277,18,0.0,Equipe_Nuit
2024-03-26,Ligne_2,Produit_B,313,9,32.0,Equipe_Apres_Midi
2024-03-26,Ligne_2,Produit_C,404,10,2.0,Equipe_Apres_Midi
2024-03-26,Ligne_3,Produit_A,69,5,14.0,Equipe_Matin
2024-03-26,Ligne_3,Produit_B,171,5,73.0,Equipe_Apres_Midi
2024-03-27,Ligne_1,Produit_A,367,17,0.0,Equipe_Nuit
2024-03-27,Ligne_1,Produit_C,476,18,14.0,Equipe_Nuit
2024-03-27,Ligne_2,Produit_C,317,12,34.0,Equipe_Nuit
2024-03-27,Ligne_3,Produit_A,288,4,18.0,Equipe_Matin
2024-03-28,Ligne_1,Produit_A,156,2,4.0,Equipe_Matin
2024-03-28,Ligne_1,Produit_B,333,9,29.0,Equipe_Apres_Midi
2024-03-28,Ligne_3,Produit_B,75,3,18.0,Equipe_Matin
2024-03-28,Ligne_3,Produit_C,153,9,5.0,Equipe_Nuit
2024-03-29,Ligne_1,Produit_C,166,4,21.0,Equipe_Matin
2024-03-29,Ligne_3,Produit_A,377,17,11.0,Equipe_Nuit
2024-03-29,Ligne_3,Produit_B,298,9,15.0,Equipe_Apres_Midi
2024-03-30,Ligne_1,Produit_A,111,4,6.0,Equipe_Matin
2024-03-30,Ligne_1,Produit_B,187,6,5.0,Equipe_Nuit
2024-03-30,Ligne_1,Produit_C,458,18,1.0,Equipe_Matin
2024-03-30,Ligne_2,Produit_B,145,7,60.0,Equipe_Matin
2024-03-30,Ligne_2,Produit_C,444,15,14.0,Equipe_Matin
2024-03-30,Ligne_3,Produit_B,477,20,23.0,Equipe_Nuit
2024-03-30,Ligne_3,Produit_C,420,8,8.0,Equipe_Matin
2024-04-01,Ligne_1,Produit_B,158,3,10.0,Equipe_Apres_Midi
2024-04-01,Ligne_1,Produit_C,231,7,11.0,Equipe_Apres_Midi
2024-04-01,Ligne_2,Produit_B,448,17,3.0,Equipe_Apres_Midi
2024-04-01,Ligne_2,Produit_C,81,3,4.0,Equipe_Apres_Midi
2024-04-01,Ligne_3,Produit_A,54,1,8.0,Equipe_Matin
2024-04-01,Ligne_3,Produit_B,345,13,5.0,Equipe_Matin
2024-04-01,Ligne_3,Produit_C,113,3,15.0,Equipe_Matin
2024-04-02,Ligne_2,Produit_A,363,10,3.0,Equipe_Matin
2024-04-02,Ligne_2,Produit_B,204,12,35.0,Equipe_Nuit
2024-04-02,Ligne_2,Produit_C,103,3,35.0,Equipe_Matin
2024-04-02,Ligne_3,Produit_B,177,7,6.0,Equipe_Matin
2024-04-02,Ligne_3,Produit_C,262,7,9.0,Equipe_Matin
2024-04-03,Ligne_1,Produit_A,330,15,10.0,Equipe_Apres_Midi
2024-04-03,Ligne_1,Produit_B,62,0,11.0,Equipe_Apres_Midi
2024-04-03,Ligne_2,Produit_A,456,10,47.0,Equipe_Matin
2024-04-03,Ligne_2,Produit_C,288,9,3.0,Equipe_Matin
2024-04-03,Ligne_3,Produit_B,54,5,1.0,Equipe_Nuit
2024-04-03,Ligne_3,Produit_C,174,1,10.0,Equipe_Matin
2024-04-04,Ligne_1,Produit_A,284,8,16.0,Equipe_Matin
2024-04-04,Ligne_1,Produit_C,482,19,22.0,Equipe_Apres_Midi
2024-04-04,Ligne_2,Produit_B,138,10,6.0,Equipe_Nuit
2024-04-04,Ligne_3,Produit_B,223,17,0.0,Equipe_Nuit
2024-04-05,Ligne_1,Produit_B,172,9,2.0,Equipe_Nuit
2024-04-05,Ligne_1,Produit_C,76,2,2.0,Equipe_Nuit
2024-04-05,Ligne_2,Produit_A,149,7,0.0,Equipe_Apres_Midi
2024-04-05,Ligne_3,Produit_C,306,8,4.0,Equipe_Apres_Midi
2024-04-06,Ligne_1,Produit_B,174,10,26.0,Equipe_Nuit
2024-04-06,Ligne_1,Produit_C,50,1,1.0,Equipe_Nuit
2024-04-06,Ligne_2,Produit_B,326,25,30.0,Equipe_Nuit
2024-04-06,Ligne_2,Produit_C,330,14,5.0,Equipe_Matin
2024-04-06,Ligne_3,Produit_A,142,2,40.0,Equipe_Apres_Midi
2024-04-06,Ligne_3,Produit_B,457,7,19.0,Equipe_Apres_Midi
2024-04-06,Ligne_3,Produit_C,262,7,15.0,Equipe_Matin
2024-04-08,Ligne_1,Produit_A,239,14,4.0,Equipe_Nuit
2024-04-08,Ligne_2,Produit_A,455,22,10.0,Equipe_Nuit
2024-04-08,Ligne_2,Produit_C,71,3,2.0,Equipe_Matin
2024-04-09,Ligne_1,Produit_A,304,4,35.0,Equipe_Apres_Midi
2024-04-09,Ligne_1,Produit_C,431,16,0.0,Equipe_Apres_Midi
2024-04-09,Ligne_2,Produit_C,160,6,21.0,Equipe_Nuit
2024-04-09,Ligne_3,Produit_A,196,10,23.0,Equipe_Apres_Midi
2024-04-10,Ligne_1,Produit_A,160,6,6.0,Equipe_Apres_Midi
2024-04-10,Ligne_1,Produit_B,402,7,24.0,Equipe_Matin
2024-04-10,Ligne_2,Produit_B,60,5,23.0,Equipe_Nuit
2024-04-10,Ligne_2,Produit_C,59,2,0.0,Equipe_Matin
2024-04-10,Ligne_3,Produit_A,126,4,1.0,Equipe_Nuit
2024-04-10,Ligne_3,Produit_B,427,21,13.0,Equipe_Nuit
2024-04-10,Ligne_3,Produit_C,445,8,7.0,Equipe_Matin
2024-04-11,Ligne_2,Produit_A,206,5,4.0,Equipe_Apres_Midi
2024-04-11,Ligne_2,Produit_B,197,4,31.0,Equipe_Nuit
2024-04-11,Ligne_2,Produit_C,172,8,5.0,Equipe_Apres_Midi
2024-04-11,Ligne_3,Produit_C,414,18,8.0,Equipe_Nuit
2024-04-12,Ligne_1,Produit_A,332,17,2.0,Equipe_Nuit
2024-04-12,Ligne_1,Produit_B,402,9,53.0,Equipe_Matin
2024-04-12,Ligne_1,Produit_C,332,11,14.0,Equipe_Matin
2024-04-12,Ligne_3,Produit_C,81,2,24.0,Equipe_Nuit
2024-04-13,Ligne_1,Produit_B,295,7,33.0,Equipe_Matin
2024-04-13,Ligne_3,Produit_A,279,6,12.0,Equipe_Apres_Midi
2024-04-13,Ligne_3,Produit_C,159,4,9.0,Equipe_Matin
2024-04-15,Ligne_1,Produit_A,306,14,16.0,Equipe_Nuit
2024-04-15,Ligne_1,Produit_C,404,8,27.0,Equipe_Matin
2024-04-15,Ligne_2,Produit_A,315,8,18.0,Equipe_Apres_Midi
2024-04-15,Ligne_2,Produit_B,306,3,12.0,Equipe_Apres_Midi
2024-04-15,Ligne_3,Produit_A,275,9,7.0,Equipe_Matin
2024-04-15,Ligne_3,Produit_C,475,25,14.0,Equipe_Nuit
2024-04-16,Ligne_1,Produit_A,355,21,14.0,Equipe_Nuit
2024-04-16,Ligne_1,Produit_B,115,7,5.0,Equipe_Nuit
2024-04-16,Ligne_1,Produit_C,292,11,83.0,Equipe_Apres_Midi
2024-04-16,Ligne_2,Produit_A,187,8,14.0,Equipe_Nuit
2024-04-16,Ligne_2,Produit_B,137,6,21.0,Equipe_Apres_Midi
2024-04-16,Ligne_2,Produit_C,225,4,6.0,Equipe_Apres_Midi
2024-04-16,Ligne_3,Produit_A,100,1,53.0,Equipe_Apres_Midi
2024-04-16,Ligne_3,Produit_C,339,-6,26.0,Equipe_Matin
2024-04-17,Ligne_2,Produit_A,162,8,6.0,Equipe_Nuit
2024-04-17,Ligne_2,Produit_C,130,4,16.0,Equipe_Matin
2024-04-17,Ligne_3,Produit_B,432,12,31.0,Equipe_Nuit
2024-04-17,Ligne_3,Produit_C,137,9,2.0,Equipe_Matin
2024-04-18,Ligne_1,Produit_A,126,10,23.0,Equipe_Apres_Midi
2024-04-18,Ligne_1,Produit_B,305,6,4.0,Equipe_Apres_Midi
2024-04-18,Ligne_1,Produit_C,99,3,,Equipe_Matin
2024-04-18,Ligne_2,Produit_A,72,7,3.0,Equipe_Nuit
2024-04-18,Ligne_2,Produit_B,295,12,6.0,Equipe_Nuit
2024-04-18,Ligne_2,Produit_C,81,4,12.0,Equipe_Nuit
2024-04-18,Ligne_3,Produit_A,365,10,0.0,Equipe_Matin
2024-04-18,Ligne_3,Produit_C,322,8,15.0,Equipe_Apres_Midi
2024-04-19,Ligne_1,Produit_B,473,20,1.0,Equipe_Nuit
2024-04-19,Ligne_1,Produit_C,417,14,50.0,Equipe_Apres_Midi
2024-04-19,Ligne_2,Produit_B,452,25,27.0,Equipe_Nuit
2024-04-19,Ligne_3,Produit_B,456,25,14.0,Equipe_Apres_Midi
2024-04-19,Ligne_3,Produit_C,115,7,16.0,Equipe_Apres_Midi
2024-04-20,Ligne_1,Produit_C,450,10,0.0,Equipe_Matin
2024-04-20,Ligne_2,Produit_A,199,9,32.0,Equipe_Nuit
2024-04-20,Ligne_2,Produit_B,375,13,5.0,Equipe_Nuit
2024-04-20,Ligne_2,Produit_C,381,12,5.0,Equipe_Apres_Midi
2024-04-20,Ligne_3,Produit_A,75,2,5.0,Equipe_Matin
2024-04-20,Ligne_3,Produit_B,383,16,3.0,Equipe_Nuit
2024-04-20,Ligne_3,Produit_C,258,13,,Equipe_Nuit
2024-04-22,Ligne_1,Produit_B,227,5,28.0,Equipe_Apres_Midi
2024-04-22,Ligne_1,Produit_C,433,14,8.0,Equipe_Apres_Midi
2024-04-22,Ligne_2,Produit_A,468,13,13.0,Equipe_Matin
2024-04-22,Ligne_3,Produit_A,168,3,18.0,Equipe_Apres_Midi
2024-04-22,Ligne_3,Produit_B,52,0,43.0,Equipe_Matin
2024-04-23,Ligne_1,Produit_A,463,12,2.0,Equipe_Apres_Midi
2024-04-23,Ligne_1,Produit_C,399,19,1.0,Equipe_Matin
2024-04-23,Ligne_2,Produit_A,420,12,41.0,Equipe_Matin
2024-04-23,Ligne_2,Produit_B,429,15,66.0,Equipe_Matin
2024-04-23,Ligne_2,Produit_C,490,15,,Equipe_Matin
2024-04-23,Ligne_3,Produit_B,303,7,2.0,Equipe_Matin
2024-04-24,Ligne_1,Produit_A,365,16,6.0,Equipe_Nuit
2024-04-24,Ligne_1,Produit_C,483,24,3.0,Equipe_Matin
2024-04-24,Ligne_2,Produit_A,85,4,4.0,Equipe_Apres_Midi
2024-04-24,Ligne_3,Produit_A,358,10,4.0,Equipe_Apres_Midi
2024-04-24,Ligne_3,Produit_B,376,8,13.0,Equipe_Matin
2024-04-24,Ligne_3,Produit_C,336,15,10.0,Equipe_Matin
2024-04-25,Ligne_1,Produit_B,258,6,60.0,Equipe_Matin
2024-04-25,Ligne_1,Produit_C,234,9,1.0,Equipe_Apres_Midi
2024-04-25,Ligne_2,Produit_B,64,2,20.0,Equipe_Matin
2024-04-25,Ligne_3,Produit_A,111,2,15.0,Equipe_Apres_Midi
2024-04-25,Ligne_3,Produit_C,298,20,3.0,Equipe_Nuit
2024-04-26,Ligne_1,Produit_B,411,18,24.0,Equipe_Nuit
2024-04-26,Ligne_1,Produit_C,80,2,9.0,Equipe_Matin
2024-04-26,Ligne_2,Produit_B,489,14,1.0,Equipe_Matin
2024-04-26,Ligne_2,Produit_C,132,9,1.0,Equipe_Nuit
2024-04-26,Ligne_3,Produit_B,185,3,42.0,Equipe_Apres_Midi
2024-04-26,Ligne_3,Produit_C,473,13,0.0,Equipe_Matin
2024-04-27,Ligne_2,Produit_A,382,8,12.0,Equipe_Apres_Midi
2024-04-27,Ligne_2,Produit_B,402,25,38.0,Equipe_Nuit
2024-04-27,Ligne_2,Produit_C,243,10,15.0,Equipe_Apres_Midi
2024-04-27,Ligne_3,Produit_B,251,11,18.0,Equipe_Nuit
2024-04-27,Ligne_3,Produit_C,232,10,21.0,Equipe_Apres_Midi
2024-04-29,Ligne_1,Produit_B,248,7,29.0,Equipe_Matin
2024-04-29,Ligne_2,Produit_A,284,5,18.0,Equipe_Matin
2024-04-29,Ligne_2,Produit_C,256,7,13.0,Equipe_Apres_Midi
2024-04-29,Ligne_3,Produit_A,233,9,7.0,Equipe_Matin
2024-04-29,Ligne_3,Produit_C,464,9,6.0,Equipe_Matin
2024-04-30,Ligne_1,Produit_A,262,14,3.0,Equipe_Nuit
2024-04-30,Ligne_1,Produit_B,387,17,4.0,Equipe_Nuit
2024-04-30,Ligne_2,Produit_A,370,23,10.0,Equipe_Nuit
2024-04-30,Ligne_2,Produit_B,293,13,18.0,Equipe_Matin
2024-04-30,Ligne_2,Produit_C,137,5,7.0,Equipe_Matin
2024-04-30,Ligne_3,Produit_C,322,6,3.0,Equipe_Apres_Midi
2024-05-01,Ligne_1,Produit_A,468,-10,9.0,Equipe_Apres_Midi
2024-05-01,Ligne_1,Produit_B,196,6,0.0,Equipe_Apres_Midi
2024-05-01,Ligne_1,Produit_C,266,10,2.0,Equipe_Matin
2024-05-01,Ligne_2,Produit_B,113,5,53.0,Equipe_Nuit
2024-05-01,Ligne_2,Produit_C,128,11,43.0,Equipe_Nuit
2024-05-01,Ligne_3,Produit_A,397,11,7.0,Equipe_Matin
2024-05-01,Ligne_3,Produit_B,486,11,4.0,Equipe_Apres_Midi
2024-05-01,Ligne_3,Produit_C,333,11,36.0,Equipe_Matin
2024-05-02,Ligne_2,Produit_A,497,14,18.0,Equipe_Matin
2024-05-02,Ligne_2,Produit_B,227,7,4.0,Equipe_Matin
2024-05-02,Ligne_2,Produit_C,468,20,17.0,Equipe_Matin
2024-05-02,Ligne_3,Produit_B,224,10,20.0,Equipe_Matin
2024-05-03,Ligne_1,Produit_A,233,4,47.0,Equipe_Apres_Midi
2024-05-03,Ligne_1,Produit_B,272,9,8.0,Equipe_Nuit
2024-05-03,Ligne_1,Produit_C,396,12,1.0,Equipe_Apres_Midi
2024-05-03,Ligne_2,Produit_A,145,5,43.0,Equipe_Apres_Midi
2024-05-03,Ligne_2,Produit_B,291,7,31.0,Equipe_Matin
2024-05-03,Ligne_2,Produit_C,247,14,6.0,Equipe_Matin
2024-05-04,Ligne_1,Produit_B,468,13,12.0,Equipe_Matin
2024-05-04,Ligne_1,Produit_C,391,25,2.0,Equipe_Nuit
2024-05-04,Ligne_2,Produit_A,72,3,20.0,Equipe_Apres_Midi
2024-05-04,Ligne_2,Produit_B,445,19,27.0,Equipe_Apres_Midi
2024-05-04,Ligne_3,Produit_C,492,15,18.0,Equipe_Apres_Midi
2024-05-06,Ligne_1,Produit_C,62,1,9.0,Equipe_Matin
2024-05-06,Ligne_2,Produit_B,143,8,14.0,Equipe_Nuit
2024-05-06,Ligne_2,Produit_C,86,3,,Equipe_Matin
2024-05-06,Ligne_3,Produit_B,111,5,7.0,Equipe_Apres_Midi
2024-05-07,Ligne_1,Produit_C,95,1,14.0,Equipe_Matin
2024-05-07,Ligne_2,Produit_B,76,0,3.0,Equipe_Matin
2024-05-07,Ligne_3,Produit_A,343,10,31.0,Equipe_Apres_Midi
2024-05-07,Ligne_3,Produit_C,355,22,23.0,Equipe_Nuit
2024-05-08,Ligne_1,Produit_B,301,17,12.0,Equipe_Nuit
2024-05-08,Ligne_2,Produit_A,461,22,0.0,Equipe_Nuit
2024-05-08,Ligne_3,Produit_C,467,24,7.0,Equipe_Nuit
2024-05-09,Ligne_1,Produit_B,93,3,23.0,Equipe_Apres_Midi
2024-05-09,Ligne_1,Produit_C,468,12,12.0,Equipe_Apres_Midi
2024-05-09,Ligne_2,Produit_A,133,1,21.0,Equipe_Matin
2024-05-09,Ligne_3,Produit_B,440,21,13.0,Equipe_Nuit
2024-05-10,Ligne_1,Produit_A,282,20,1.0,Equipe_Nuit
2024-05-10,Ligne_2,Produit_A,224,6,5.0,Equipe_Matin
2024-05-10,Ligne_2,Produit_B,269,11,40.0,Equipe_Nuit
2024-05-11,Ligne_1,Produit_B,151,7,17.0,Equipe_Matin
2024-05-11,Ligne_1,Produit_C,390,21,11.0,Equipe_Nuit
2024-05-11,Ligne_2,Produit_A,234,4,8.0,Equipe_Matin
2024-05-11,Ligne_3,Produit_A,222,8,3.0,Equipe_Matin
2024-05-11,Ligne_3,Produit_B,143,5,0.0,Equipe_Apres_Midi
2024-05-11,Ligne_3,Produit_C,318,20,21.0,Equipe_Nuit
2024-05-13,Ligne_1,Produit_C,154,2,8.0,Equipe_Matin
2024-05-13,Ligne_2,Produit_A,216,8,15.0,Equipe_Matin
2024-05-13,Ligne_2,Produit_B,279,6,6.0,Equipe_Matin
2024-05-13,Ligne_2,Produit_C,185,4,39.0,Equipe_Apres_Midi
2024-05-13,Ligne_3,Produit_C,132,3,28.0,Equipe_Matin
2024-05-14,Ligne_1,Produit_A,186,12,26.0,Equipe_Apres_Midi
2024-05-14,Ligne_1,Produit_B,336,10,18.0,Equipe_Apres_Midi
2024-05-14,Ligne_1,Produit_C,413,16,7.0,Equipe_Matin
2024-05-14,Ligne_2,Produit_C,73,1,3.0,Equipe_Apres_Midi
2024-05-14,Ligne_3,Produit_A,384,13,4.0,Equipe_Matin
2024-05-15,Ligne_1,Produit_C,56,6,8.0,Equipe_Nuit
2024-05-16,Ligne_1,Produit_A,63,0,11.0,Equipe_Apres_Midi
2024-05-16,Ligne_2,Produit_A,186,9,34.0,Equipe_Nuit
2024-05-16,Ligne_2,Produit_C,213,7,8.0,Equipe_Apres_Midi
2024-05-16,Ligne_3,Produit_C,151,4,9.0,Equipe_Apres_Midi
2024-05-17,Ligne_1,Produit_A,68,0,14.0,Equipe_Matin
2024-05-17,Ligne_1,Produit_B,421,11,6.0,Equipe_Apres_Midi
2024-05-17,Ligne_1,Produit_C,55,2,18.0,Equipe_Nuit
2024-05-17,Ligne_2,Produit_B,63,1,49.0,Equipe_Matin
2024-05-17,Ligne_2,Produit_C,154,7,42.0,Equipe_Apres_Midi
2024-05-17,Ligne_3,Produit_B,221,5,65.0,Equipe_Apres_Midi
2024-05-18,Ligne_1,Produit_A,454,13,13.0,Equipe_Apres_Midi
2024-05-18,Ligne_1,Produit_B,212,4,23.0,Equipe_Nuit
2024-05-18,Ligne_1,Produit_C,202,8,21.0,Equipe_Matin
2024-05-18,Ligne_3,Produit_B,62,3,1.0,Equipe_Nuit
2024-05-18,Ligne_3,Produit_C,259,10,15.0,Equipe_Nuit
2024-05-20,Ligne_2,Produit_A,168,6,12.0,Equipe_Nuit
2024-05-20,Ligne_2,Produit_B,441,20,6.0,Equipe_Nuit
2024-05-20,Ligne_2,Produit_C,188,11,10.0,Equipe_Nuit
2024-05-20,Ligne_3,Produit_C,252,9,6.0,Equipe_Matin
2024-05-21,Ligne_1,Produit_A,123,4,1.0,Equipe_Apres_Midi
2024-05-21,Ligne_1,Produit_C,222,5,5.0,Equipe_Apres_Midi
2024-05-21,Ligne_2,Produit_A,373,8,7.0,Equipe_Matin
2024-05-21,Ligne_2,Produit_B,199,-10,5.0,Equipe_Apres_Midi
2024-05-21,Ligne_3,Produit_A,252,10,0.0,Equipe_Apres_Midi
2024-05-21,Ligne_3,Produit_C,208,10,6.0,Equipe_Matin
2024-05-22,Ligne_1,Produit_C,203,8,1.0,Equipe_Apres_Midi
2024-05-22,Ligne_2,Produit_B,142,4,20.0,Equipe_Matin
2024-05-22,Ligne_3,Produit_B,237,9,7.0,Equipe_Nuit
2024-05-22,Ligne_3,Produit_C,320,7,2.0,Equipe_Matin
2024-05-23,Ligne_1,Produit_B,487,13,0.0,Equipe_Matin
2024-05-23,Ligne_2,Produit_C,209,7,11.0,Equipe_Apres_Midi
2024-05-23,Ligne_3,Produit_B,200,3,28.0,Equipe_Matin
2024-05-23,Ligne_3,Produit_C,489,12,2.0,Equipe_Matin
2024-05-24,Ligne_1,Produit_A,362,14,10.0,Equipe_Matin
2024-05-24,Ligne_1,Produit_B,385,9,12.0,Equipe_Matin
2024-05-24,Ligne_2,Produit_B,196,5,89.0,Equipe_Matin
2024-05-24,Ligne_3,Produit_A,193,3,0.0,Equipe_Nuit
2024-05-24,Ligne_3,Produit_B,102,3,4.0,Equipe_Nuit
2024-05-25,Ligne_1,Produit_A,317,6,34.0,Equipe_Apres_Midi
2024-05-25,Ligne_1,Produit_C,65,1,15.0,Equipe_Matin
2024-05-25,Ligne_2,Produit_A,484,14,0.0,Equipe_Apres_Midi
2024-05-25,Ligne_3,Produit_A,468,25,5.0,Equipe_Nuit
2024-05-25,Ligne_3,Produit_B,190,6,6.0,Equipe_Matin
2024-05-25,Ligne_3,Produit_C,478,12,104.0,Equipe_Apres_Midi
2024-05-27,Ligne_1,Produit_B,154,3,17.0,Equipe_Apres_Midi
2024-05-27,Ligne_1,Produit_C,427,21,10.0,Equipe_Nuit
2024-05-27,Ligne_2,Produit_B,385,18,3.0,Equipe_Nuit
2024-05-27,Ligne_2,Produit_C,143,9,7.0,Equipe_Nuit
2024-05-27,Ligne_3,Produit_A,95,5,20.0,Equipe_Nuit
2024-05-28,Ligne_1,Produit_A,57,2,1.0,Equipe_Apres_Midi
2024-05-28,Ligne_2,Produit_A,463,7,7.0,Equipe_Matin
2024-05-28,Ligne_2,Produit_B,351,7,18.0,Equipe_Matin
2024-05-28,Ligne_3,Produit_A,279,9,21.0,Equipe_Apres_Midi
2024-05-29,Ligne_1,Produit_C,462,19,4.0,Equipe_Nuit
2024-05-29,Ligne_2,Produit_B,95,5,23.0,Equipe_Nuit
2024-05-29,Ligne_2,Produit_C,271,4,19.0,Equipe_Matin
2024-05-29,Ligne_3,Produit_A,111,6,4.0,Equipe_Matin
2024-05-30,Ligne_1,Produit_C,423,13,1.0,Equipe_Apres_Midi
2024-05-30,Ligne_2,Produit_A,185,5,4.0,Equipe_Apres_Midi
2024-05-30,Ligne_2,Produit_B,170,5,19.0,Equipe_Nuit
2024-05-30,Ligne_2,Produit_C,249,15,3.0,Equipe_Nuit
2024-05-30,Ligne_3,Produit_A,335,8,23.0,Equipe_Matin
2024-05-31,Ligne_1,Produit_A,337,9,15.0,Equipe_Apres_Midi
2024-05-31,Ligne_2,Produit_A,443,10,25.0,Equipe_Matin
2024-05-31,Ligne_2,Produit_B,180,13,0.0,Equipe_Nuit
2024-05-31,Ligne_3,Produit_A,363,7,7.0,Equipe_Matin
2024-06-01,Ligne_1,Produit_A,407,-14,2.0,Equipe_Matin
2024-06-01,Ligne_2,Produit_B,230,18,25.0,Equipe_Nuit
2024-06-01,Ligne_2,Produit_C,495,12,7.0,Equipe_Matin
2024-06-03,Ligne_1,Produit_B,229,7,6.0,Equipe_Nuit
2024-06-03,Ligne_1,Produit_C,296,8,2.0,Equipe_Matin
2024-06-03,Ligne_2,Produit_A,335,5,1.0,Equipe_Matin
2024-06-03,Ligne_2,Produit_C,80,3,34.0,Equipe_Nuit
2024-06-03,Ligne_3,Produit_B,374,21,22.0,Equipe_Nuit
2024-06-04,Ligne_1,Produit_C,415,19,30.0,Equipe_Nuit
2024-06-04,Ligne_2,Produit_B,122,4,2.0,Equipe_Apres_Midi
2024-06-04,Ligne_3,Produit_B,192,7,9.0,Equipe_Matin
2024-06-05,Ligne_1,Produit_A,52,2,4.0,Equipe_Matin
2024-06-05,Ligne_1,Produit_C,415,12,20.0,Equipe_Matin
2024-06-05,Ligne_2,Produit_B,356,18,6.0,Equipe_Nuit
2024-06-05,Ligne_3,Produit_A,460,12,6.0,Equipe_Apres_Midi
2024-06-05,Ligne_3,Produit_C,499,24,15.0,Equipe_Nuit
2024-06-06,Ligne_1,Produit_A,68,0,0.0,Equipe_Apres_Midi
2024-06-06,Ligne_1,Produit_B,190,5,5.0,Equipe_Matin
2024-06-06,Ligne_1,Produit_C,82,1,4.0,Equipe_Matin
2024-06-06,Ligne_2,Produit_A,214,10,8.0,Equipe_Apres_Midi
2024-06-06,Ligne_2,Produit_B,349,17,3.0,Equipe_Nuit
2024-06-07,Ligne_1,Produit_C,450,23,11.0,Equipe_Nuit
2024-06-07,Ligne_2,Produit_A,314,9,105.0,Equipe_Matin
2024-06-07,Ligne_2,Produit_B,417,6,7.0,Equipe_Apres_Midi
2024-06-07,Ligne_2,Produit_C,199,5,8.0,Equipe_Matin
2024-06-07,Ligne_3,Produit_A,413,10,1.0,Equipe_Apres_Midi
2024-06-07,Ligne_3,Produit_C,447,16,32.0,Equipe_Matin
2024-06-08,Ligne_2,Produit_A,82,5,8.0,Equipe_Nuit
2024-06-08,Ligne_2,Produit_C,200,9,1.0,Equipe_Matin
2024-06-08,Ligne_3,Produit_A,351,13,17.0,Equipe_Matin
2024-06-08,Ligne_3,Produit_B,447,23,46.0,Equipe_Nuit
2024-06-08,Ligne_3,Produit_C,210,6,33.0,Equipe_Matin
2024-06-10,Ligne_1,Produit_A,292,10,12.0,Equipe_Matin
2024-06-10,Ligne_1,Produit_B,181,12,26.0,Equipe_Nuit
2024-06-10,Ligne_2,Produit_C,339,24,0.0,Equipe_Nuit
2024-06-10,Ligne_3,Produit_B,418,14,5.0,Equipe_Apres_Midi
2024-06-11,Ligne_1,Produit_A,280,12,8.0,Equipe_Matin
2024-06-11,Ligne_1,Produit_B,374,11,1.0,Equipe_Matin
2024-06-11,Ligne_1,Produit_C,197,7,5.0,Equipe_Apres_Midi
2024-06-11,Ligne_2,Produit_A,413,10,6.0,Equipe_Apres_Midi
2024-06-11,Ligne_2,Produit_B,238,12,9.0,Equipe_Nuit
2024-06-11,Ligne_3,Produit_A,96,2,6.0,Equipe_Apres_Midi
2024-06-11,Ligne_3,Produit_B,451,17,14.0,Equipe_Apres_Midi
2024-06-11,Ligne_3,Produit_C,68,2,,Equipe_Matin
2024-06-12,Ligne_1,Produit_B,120,2,2.0,Equipe_Apres_Midi
2024-06-12,Ligne_3,Produit_A,366,13,2.0,Equipe_Matin
2024-06-12,Ligne_3,Produit_B,348,15,3.0,Equipe_Matin
2024-06-13,Ligne_1,Produit_C,149,5,21.0,Equipe_Apres_Midi
2024-06-13,Ligne_2,Produit_A,394,12,21.0,Equipe_Nuit
2024-06-13,Ligne_2,Produit_C,461,13,5.0,Equipe_Apres_Midi
2024-06-13,Ligne_3,Produit_A,211,5,40.0,Equipe_Matin
2024-06-13,Ligne_3,Produit_C,94,5,12.0,Equipe_Nuit
2024-06-14,Ligne_1,Produit_A,167,3,11.0,Equipe_Apres_Midi
2024-06-14,Ligne_1,Produit_B,383,10,12.0,Equipe_Apres_Midi
2024-06-14,Ligne_1,Produit_C,145,7,12.0,Equipe_Apres_Midi
2024-06-14,Ligne_2,Produit_B,245,10,13.0,Equipe_Nuit
2024-06-14,Ligne_3,Produit_A,115,4,1.0,Equipe_Nuit
2024-06-14,Ligne_3,Produit_B,311,15,8.0,Equipe_Apres_Midi
2024-06-14,Ligne_3,Produit_C,183,6,35.0,Equipe_Nuit
2024-06-15,Ligne_1,Produit_A,492,19,3.0,Equipe_Matin
2024-06-15,Ligne_2,Produit_B,499,20,11.0,Equipe_Nuit
2024-06-15,Ligne_3,Produit_A,144,1,7.0,Equipe_Matin
2024-06-15,Ligne_3,Produit_B,239,7,33.0,Equipe_Apres_Midi
2024-06-15,Ligne_3,Produit_C,429,22,28.0,Equipe_Nuit
2024-06-17,Ligne_1,Produit_C,307,13,10.0,Equipe_Apres_Midi
2024-06-17,Ligne_2,Produit_A,326,12,12.0,Equipe_Matin
2024-06-17,Ligne_3,Produit_A,137,7,27.0,Equipe_Nuit
2024-06-17,Ligne_3,Produit_B,356,10,27.0,Equipe_Matin
2024-06-18,Ligne_1,Produit_B,138,5,2.0,Equipe_Matin
2024-06-18,Ligne_1,Produit_C,73,2,2.0,Equipe_Apres_Midi
2024-06-18,Ligne_2,Produit_A,238,8,10.0,Equipe_Nuit
2024-06-18,Ligne_2,Produit_B,439,18,16.0,Equipe_Apres_Midi
2024-06-18,Ligne_2,Produit_C,183,5,,Equipe_Matin
2024-06-18,Ligne_3,Produit_C,301,15,3.0,Equipe_Apres_Midi
2024-06-19,Ligne_1,Produit_C,467,18,32.0,Equipe_Matin
2024-06-19,Ligne_2,Produit_A,112,4,1.0,Equipe_Matin
2024-06-19,Ligne_2,Produit_B,230,4,9.0,Equipe_Nuit
2024-06-19,Ligne_3,Produit_A,295,4,5.0,Equipe_Matin
2024-06-19,Ligne_3,Produit_B,275,12,,Equipe_Nuit
2024-06-19,Ligne_3,Produit_C,314,14,14.0,Equipe_Nuit
2024-06-20,Ligne_1,Produit_B,359,13,1.0,Equipe_Matin
2024-06-20,Ligne_2,Produit_B,456,13,20.0,Equipe_Matin
2024-06-21,Ligne_1,Produit_A,180,12,8.0,Equipe_Nuit
2024-06-21,Ligne_1,Produit_C,148,5,17.0,Equipe_Nuit
2024-06-21,Ligne_2,Produit_A,205,18,73.0,Equipe_Nuit
2024-06-21,Ligne_2,Produit_C,214,7,0.0,Equipe_Matin
2024-06-21,Ligne_3,Produit_A,468,9,39.0,Equipe_Matin
2024-06-21,Ligne_3,Produit_B,135,5,14.0,Equipe_Nuit
2024-06-22,Ligne_1,Produit_B,443,14,36.0,Equipe_Matin
2024-06-22,Ligne_2,Produit_C,440,11,39.0,Equipe_Apres_Midi
2024-06-22,Ligne_3,Produit_A,192,6,17.0,Equipe_Matin
2024-06-24,Ligne_1,Produit_A,293,11,38.0,Equipe_Matin
2024-06-24,Ligne_1,Produit_B,466,8,17.0,Equipe_Apres_Midi
2024-06-24,Ligne_2,Produit_A,54,2,14.0,Equipe_Matin
2024-06-24,Ligne_2,Produit_B,120,5,4.0,Equipe_Matin
2024-06-24,Ligne_2,Produit_C,487,17,15.0,Equipe_Matin
2024-06-24,Ligne_3,Produit_A,125,3,5.0,Equipe_Matin
2024-06-24,Ligne_3,Produit_B,99,3,2.0,Equipe_Matin
2024-06-24,Ligne_3,Produit_C,441,9,7.0,Equipe_Apres_Midi
2024-06-25,Ligne_1,Produit_A,311,4,0.0,Equipe_Apres_Midi
2024-06-25,Ligne_1,Produit_C,82,2,18.0,Equipe_Matin
2024-06-25,Ligne_2,Produit_A,296,15,62.0,Equipe_Nuit
2024-06-25,Ligne_2,Produit_C,450,22,,Equipe_Nuit
2024-06-25,Ligne_3,Produit_C,493,21,15.0,Equipe_Apres_Midi
2024-06-26,Ligne_2,Produit_B,356,12,18.0,Equipe_Nuit
2024-06-26,Ligne_3,Produit_B,272,15,5.0,Equipe_Nuit
2024-06-26,Ligne_3,Produit_C,150,10,5.0,Equipe_Nuit
2024-06-27,Ligne_1,Produit_B,426,13,2.0,Equipe_Apres_Midi
2024-06-27,Ligne_1,Produit_C,55,3,29.0,Equipe_Matin
2024-06-27,Ligne_3,Produit_C,95,3,21.0,Equipe_Apres_Midi
2024-06-28,Ligne_1,Produit_B,374,11,6.0,Equipe_Apres_Midi
2024-06-28,Ligne_2,Produit_B,198,6,12.0,Equipe_Matin
2024-06-28,Ligne_2,Produit_C,325,18,0.0,Equipe_Nuit
2024-06-28,Ligne_3,Produit_C,202,9,10.0,Equipe_Nuit
2024-06-29,Ligne_1,Produit_B,498,23,3.0,Equipe_Nuit
2024-06-29,Ligne_2,Produit_C,273,20,61.0,Equipe_Nuit
2024-06-29,Ligne_3,Produit_B,51,1,20.0,Equipe_Matin
2024-06-29,Ligne_3,Produit_C,218,11,16.0,Equipe_Nuit
2024-07-01,Ligne_1,Produit_B,429,11,14.0,Equipe_Matin
2024-07-01,Ligne_2,Produit_A,248,16,28.0,Equipe_Nuit
2024-07-01,Ligne_2,Produit_B,371,8,27.0,Equipe_Apres_Midi
2024-07-01,Ligne_2,Produit_C,269,3,4.0,Equipe_Matin
2024-07-01,Ligne_3,Produit_A,237,8,8.0,Equipe_Matin
2024-07-01,Ligne_3,Produit_B,103,6,25.0,Equipe_Nuit
2024-07-02,Ligne_1,Produit_A,104,2,41.0,Equipe_Apres_Midi
2024-07-02,Ligne_1,Produit_B,94,1,24.0,Equipe_Apres_Midi
2024-07-02,Ligne_1,Produit_C,351,9,7.0,Equipe_Matin
2024-07-02,Ligne_2,Produit_A,493,7,,Equipe_Matin
2024-07-02,Ligne_2,Produit_C,176,7,1.0,Equipe_Nuit
2024-07-03,Ligne_1,Produit_A,407,25,39.0,Equipe_Nuit
2024-07-03,Ligne_1,Produit_B,364,20,24.0,Equipe_Nuit
2024-07-03,Ligne_1,Produit_C,404,14,4.0,Equipe_Matin
2024-07-03,Ligne_2,Produit_C,121,3,23.0,Equipe_Matin
2024-07-03,Ligne_3,Produit_A,337,25,64.0,Equipe_Nuit
2024-07-04,Ligne_1,Produit_A,274,8,14.0,Equipe_Matin
2024-07-04,Ligne_1,Produit_B,98,6,,Equipe_Nuit
2024-07-04,Ligne_2,Produit_A,431,13,18.0,Equipe_Matin
2024-07-04,Ligne_2,Produit_C,189,13,10.0,Equipe_Nuit
2024-07-04,Ligne_3,Produit_B,390,16,18.0,Equipe_Nuit
2024-07-05,Ligne_1,Produit_A,271,11,6.0,Equipe_Apres_Midi
2024-07-05,Ligne_3,Produit_A,231,15,15.0,Equipe_Nuit
2024-07-05,Ligne_3,Produit_B,111,6,27.0,Equipe_Nuit
2024-07-05,Ligne_3,Produit_C,387,12,2.0,Equipe_Apres_Midi
2024-07-06,Ligne_1,Produit_B,404,4,21.0,Equipe_Matin
2024-07-06,Ligne_1,Produit_C,482,17,16.0,Equipe_Apres_Midi
2024-07-06,Ligne_2,Produit_B,285,13,23.0,Equipe_Apres_Midi
2024-07-06,Ligne_3,Produit_B,154,3,5.0,Equipe_Nuit
2024-07-08,Ligne_1,Produit_A,311,5,31.0,Equipe_Apres_Midi
2024-07-08,Ligne_1,Produit_C,372,22,7.0,Equipe_Nuit
2024-07-08,Ligne_2,Produit_C,356,8,18.0,Equipe_Apres_Midi
2024-07-09,Ligne_2,Produit_A,59,2,28.0,Equipe_Apres_Midi
2024-07-09,Ligne_2,Produit_B,243,5,27.0,Equipe_Apres_Midi
2024-07-09,Ligne_2,Produit_C,140,0,3.0,Equipe_Apres_Midi
2024-07-09,Ligne_3,Produit_A,469,11,18.0,Equipe_Apres_Midi
2024-07-10,Ligne_1,Produit_A,94,5,9.0,Equipe_Matin
2024-07-10,Ligne_1,Produit_B,311,4,0.0,Equipe_Matin
2024-07-10,Ligne_1,Produit_C,383,9,1.0,Equipe_Matin
2024-07-10,Ligne_2,Produit_A,60,2,4.0,Equipe_Nuit
2024-07-10,Ligne_2,Produit_C,257,9,11.0,Equipe_Apres_Midi
2024-07-10,Ligne_3,Produit_A,435,24,3.0,Equipe_Nuit
2024-07-10,Ligne_3,Produit_B,111,1,16.0,Equipe_Matin
2024-07-11,Ligne_1,Produit_A,121,2,7.0,Equipe_Apres_Midi
2024-07-11,Ligne_1,Produit_C,447,15,14.0,Equipe_Matin
2024-07-11,Ligne_3,Produit_A,144,2,9.0,Equipe_Matin
2024-07-11,Ligne_3,Produit_C,420,15,22.0,Equipe_Apres_Midi
2024-07-12,Ligne_1,Produit_A,119,3,2.0,Equipe_Apres_Midi
2024-07-12,Ligne_1,Produit_C,161,7,37.0,Equipe_Nuit
2024-07-12,Ligne_2,Produit_A,484,6,15.0,Equipe_Matin
2024-07-12,Ligne_2,Produit_B,147,11,12.0,Equipe_Matin
2024-07-12,Ligne_3,Produit_B,403,9,33.0,Equipe_Matin
2024-07-13,Ligne_2,Produit_A,228,10,5.0,Equipe_Matin
2024-07-13,Ligne_2,Produit_B,403,7,22.0,Equipe_Apres_Midi
2024-07-13,Ligne_3,Produit_A,66,3,0.0,Equipe_Apres_Midi
2024-07-13,Ligne_3,Produit_C,153,1,11.0,Equipe_Apres_Midi
2024-07-15,Ligne_2,Produit_B,91,5,3.0,Equipe_Matin
2024-07-16,Ligne_2,Produit_A,268,12,24.0,Equipe_Nuit
2024-07-16,Ligne_2,Produit_B,434,21,16.0,Equipe_Nuit
2024-07-16,Ligne_2,Produit_C,453,24,11.0,Equipe_Nuit
2024-07-16,Ligne_3,Produit_A,190,4,0.0,Equipe_Matin
2024-07-16,Ligne_3,Produit_B,254,7,25.0,Equipe_Matin
2024-07-16,Ligne_3,Produit_C,90,4,11.0,Equipe_Matin
2024-07-17,Ligne_3,Produit_B,332,13,29.0,Equipe_Matin
2024-07-17,Ligne_3,Produit_C,246,7,0.0,Equipe_Matin
2024-07-18,Ligne_1,Produit_B,184,8,8.0,Equipe_Nuit
2024-07-18,Ligne_3,Produit_A,93,4,2.0,Equipe_Apres_Midi
2024-07-18,Ligne_3,Produit_B,489,22,63.0,Equipe_Nuit
2024-07-19,Ligne_1,Produit_A,438,25,24.0,Equipe_Nuit
2024-07-19,Ligne_1,Produit_C,146,1,1.0,Equipe_Apres_Midi
2024-07-19,Ligne_2,Produit_A,293,11,6.0,Equipe_Nuit
2024-07-19,Ligne_2,Produit_B,164,9,34.0,Equipe_Matin
2024-07-19,Ligne_3,Produit_A,378,8,33.0,Equipe_Apres_Midi
2024-07-19,Ligne_3,Produit_C,468,16,2.0,Equipe_Apres_Midi
2024-07-20,Ligne_1,Produit_A,417,20,1.0,Equipe_Nuit
2024-07-20,Ligne_1,Produit_B,486,21,29.0,Equipe_Nuit
2024-07-20,Ligne_2,Produit_A,223,9,28.0,Equipe_Apres_Midi
2024-07-20,Ligne_2,Produit_B,153,7,13.0,Equipe_Apres_Midi
2024-07-20,Ligne_2,Produit_C,160,5,13.0,Equipe_Matin
2024-07-20,Ligne_3,Produit_A,498,19,22.0,Equipe_Apres_Midi
2024-07-22,Ligne_1,Produit_B,458,13,64.0,Equipe_Apres_Midi
2024-07-22,Ligne_1,Produit_C,188,15,23.0,Equipe_Nuit
2024-07-22,Ligne_2,Produit_A,426,10,15.0,Equipe_Matin
2024-07-22,Ligne_2,Produit_C,312,16,96.0,Equipe_Apres_Midi
2024-07-22,Ligne_3,Produit_A,356,19,,Equipe_Nuit
2024-07-22,Ligne_3,Produit_C,202,9,30.0,Equipe_Nuit
2024-07-23,Ligne_1,Produit_A,163,2,2.0,Equipe_Nuit
2024-07-23,Ligne_1,Produit_C,138,12,0.0,Equipe_Nuit
2024-07-23,Ligne_2,Produit_A,412,24,11.0,Equipe_Nuit
2024-07-23,Ligne_3,Produit_B,415,13,21.0,Equipe_Apres_Midi
2024-07-24,Ligne_1,Produit_C,74,2,2.0,Equipe_Matin
2024-07-24,Ligne_3,Produit_A,444,23,12.0,Equipe_Nuit
2024-07-24,Ligne_3,Produit_C,383,13,5.0,Equipe_Nuit
2024-07-25,Ligne_1,Produit_A,143,3,0.0,Equipe_Matin
2024-07-25,Ligne_2,Produit_A,75,3,0.0,Equipe_Matin
2024-07-25,Ligne_2,Produit_B,98,3,32.0,Equipe_Matin
2024-07-26,Ligne_1,Produit_C,384,12,2.0,Equipe_Matin
2024-07-26,Ligne_2,Produit_A,147,4,8.0,Equipe_Matin
2024-07-26,Ligne_2,Produit_B,183,6,5.0,Equipe_Apres_Midi
2024-07-26,Ligne_2,Produit_C,193,9,0.0,Equipe_Nuit
2024-07-26,Ligne_3,Produit_B,179,6,32.0,Equipe_Apres_Midi
2024-07-26,Ligne_3,Produit_C,162,5,15.0,Equipe_Apres_Midi
2024-07-27,Ligne_1,Produit_A,493,25,4.0,Equipe_Nuit
2024-07-27,Ligne_1,Produit_B,305,22,29.0,Equipe_Nuit
2024-07-27,Ligne_1,Produit_C,135,2,7.0,Equipe_Apres_Midi
2024-07-27,Ligne_2,Produit_A,202,5,0.0,Equipe_Apres_Midi
2024-07-27,Ligne_2,Produit_C,160,6,10.0,Equipe_Matin
2024-07-27,Ligne_3,Produit_C,50,0,26.0,Equipe_Apres_Midi
2024-07-29,Ligne_1,Produit_B,402,14,51.0,Equipe_Apres_Midi
2024-07-29,Ligne_1,Produit_C,124,5,21.0,Equipe_Matin
2024-07-29,Ligne_2,Produit_C,361,15,5.0,Equipe_Nuit
2024-07-29,Ligne_3,Produit_A,119,1,8.0,Equipe_Matin
2024-07-29,Ligne_3,Produit_C,243,1,1.0,Equipe_Matin
2024-07-30,Ligne_1,Produit_A,308,21,30.0,Equipe_Nuit
2024-07-30,Ligne_2,Produit_A,206,3,1.0,Equipe_Matin
2024-07-30,Ligne_2,Produit_C,255,10,8.0,Equipe_Nuit
2024-07-30,Ligne_3,Produit_B,379,12,1.0,Equipe_Nuit
2024-07-30,Ligne_3,Produit_C,456,11,26.0,Equipe_Apres_Midi
2024-07-31,Ligne_1,Produit_A,326,17,26.0,Equipe_Nuit
2024-07-31,Ligne_1,Produit_B,123,6,21.0,Equipe_Apres_Midi
2024-07-31,Ligne_1,Produit_C,236,7,13.0,Equipe_Nuit
2024-07-31,Ligne_2,Produit_A,109,5,7.0,Equipe_Nuit
2024-07-31,Ligne_3,Produit_A,397,10,69.0,Equipe_Apres_Midi
2024-07-31,Ligne_3,Produit_B,82,3,4.0,Equipe_Apres_Midi
2024-08-01,Ligne_1,Produit_B,227,12,2.0,Equipe_Nuit
2024-08-01,Ligne_2,Produit_A,427,11,0.0,Equipe_Apres_Midi
2024-08-01,Ligne_2,Produit_C,106,2,11.0,Equipe_Matin
2024-08-01,Ligne_3,Produit_C,255,16,3.0,Equipe_Nuit
2024-08-02,Ligne_1,Produit_A,157,5,0.0,Equipe_Apres_Midi
2024-08-02,Ligne_1,Produit_B,381,12,4.0,Equipe_Matin
2024-08-02,Ligne_1,Produit_C,481,16,19.0,Equipe_Apres_Midi
2024-08-02,Ligne_2,Produit_C,176,4,8.0,Equipe_Matin
2024-08-02,Ligne_3,Produit_A,143,5,20.0,Equipe_Nuit
2024-08-02,Ligne_3,Produit_C,174,7,0.0,Equipe_Matin
2024-08-03,Ligne_1,Produit_B,457,13,3.0,Equipe_Matin
2024-08-03,Ligne_1,Produit_C,164,6,3.0,Equipe_Matin
2024-08-03,Ligne_3,Produit_B,453,12,9.0,Equipe_Apres_Midi
2024-08-05,Ligne_1,Produit_A,127,1,49.0,Equipe_Apres_Midi
2024-08-05,Ligne_1,Produit_C,122,3,13.0,Equipe_Apres_Midi
2024-08-05,Ligne_2,Produit_A,127,9,25.0,Equipe_Nuit
2024-08-05,Ligne_2,Produit_B,168,5,6.0,Equipe_Nuit
2024-08-05,Ligne_2,Produit_C,457,25,22.0,Equipe_Nuit
2024-08-05,Ligne_3,Produit_A,345,15,1.0,Equipe_Apres_Midi
2024-08-05,Ligne_3,Produit_C,366,8,6.0,Equipe_Matin
2024-08-06,Ligne_1,Produit_A,294,9,9.0,Equipe_Matin
2024-08-06,Ligne_1,Produit_C,367,14,10.0,Equipe_Nuit
2024-08-06,Ligne_2,Produit_A,266,7,120.0,Equipe_Matin
2024-08-06,Ligne_2,Produit_B,366,8,9.0,Equipe_Matin
2024-08-06,Ligne_2,Produit_C,400,18,43.0,Equipe_Apres_Midi
2024-08-06,Ligne_3,Produit_A,77,4,3.0,Equipe_Apres_Midi
2024-08-07,Ligne_1,Produit_A,219,9,16.0,Equipe_Matin
2024-08-07,Ligne_2,Produit_A,413,15,26.0,Equipe_Apres_Midi
2024-08-07,Ligne_2,Produit_B,276,7,3.0,Equipe_Apres_Midi
2024-08-07,Ligne_3,Produit_B,480,13,21.0,Equipe_Matin
2024-08-08,Ligne_2,Produit_B,432,10,1.0,Equipe_Apres_Midi
2024-08-08,Ligne_3,Produit_C,75,2,19.0,Equipe_Matin
2024-08-09,Ligne_1,Produit_C,439,18,52.0,Equipe_Nuit
2024-08-09,Ligne_2,Produit_B,312,12,2.0,Equipe_Apres_Midi
2024-08-09,Ligne_2,Produit_C,380,17,11.0,Equipe_Matin
2024-08-09,Ligne_3,Produit_A,340,7,2.0,Equipe_Apres_Midi
2024-08-09,Ligne_3,Produit_B,269,7,3.0,Equipe_Matin
2024-08-09,Ligne_3,Produit_C,342,15,0.0,Equipe_Nuit
2024-08-10,Ligne_2,Produit_A,370,23,18.0,Equipe_Nuit
2024-08-10,Ligne_2,Produit_B,77,1,9.0,Equipe_Apres_Midi
2024-08-10,Ligne_2,Produit_C,478,20,70.0,Equipe_Nuit
2024-08-10,Ligne_3,Produit_C,483,22,0.0,Equipe_Nuit
2024-08-12,Ligne_1,Produit_A,158,10,11.0,Equipe_Nuit
2024-08-12,Ligne_1,Produit_C,469,8,17.0,Equipe_Matin
2024-08-12,Ligne_2,Produit_A,443,17,1.0,Equipe_Matin
2024-08-12,Ligne_2,Produit_B,330,11,4.0,Equipe_Matin
2024-08-12,Ligne_3,Produit_C,91,1,12.0,Equipe_Matin
2024-08-13,Ligne_1,Produit_B,94,2,0.0,Equipe_Apres_Midi
2024-08-13,Ligne_2,Produit_B,202,2,12.0,Equipe_Apres_Midi
2024-08-13,Ligne_3,Produit_A,201,9,11.0,Equipe_Matin
2024-08-13,Ligne_3,Produit_C,497,17,15.0,Equipe_Matin
2024-08-14,Ligne_1,Produit_A,145,1,2.0,Equipe_Apres_Midi
2024-08-14,Ligne_1,Produit_B,489,21,3.0,Equipe_Matin
2024-08-14,Ligne_2,Produit_B,360,15,12.0,Equipe_Nuit
2024-08-14,Ligne_3,Produit_C,212,12,10.0,Equipe_Nuit
2024-08-15,Ligne_1,Produit_B,130,6,24.0,Equipe_Nuit
2024-08-15,Ligne_1,Produit_C,339,10,34.0,Equipe_Apres_Midi
2024-08-15,Ligne_2,Produit_C,291,4,15.0,Equipe_Matin
2024-08-15,Ligne_3,Produit_A,437,16,5.0,Equipe_Apres_Midi
2024-08-16,Ligne_1,Produit_A,384,25,1.0,Equipe_Nuit
2024-08-16,Ligne_1,Produit_B,319,15,27.0,Equipe_Nuit
2024-08-16,Ligne_2,Produit_B,248,10,10.0,Equipe_Apres_Midi
2024-08-16,Ligne_2,Produit_C,59,1,32.0,Equipe_Matin
2024-08-16,Ligne_3,Produit_A,372,12,63.0,Equipe_Matin
2024-08-16,Ligne_3,Produit_C,57,3,7.0,Equipe_Apres_Midi
2024-08-17,Ligne_1,Produit_A,121,4,6.0,Equipe_Matin
2024-08-17,Ligne_1,Produit_B,277,16,6.0,Equipe_Nuit
2024-08-17,Ligne_2,Produit_A,232,6,3.0,Equipe_Matin
2024-08-17,Ligne_2,Produit_B,446,9,20.0,Equipe_Matin
2024-08-17,Ligne_2,Produit_C,213,11,11.0,Equipe_Nuit
2024-08-17,Ligne_3,Produit_A,113,6,10.0,Equipe_Nuit
2024-08-19,Ligne_1,Produit_A,430,7,10.0,Equipe_Matin
2024-08-19,Ligne_2,Produit_C,51,0,,Equipe_Nuit
2024-08-19,Ligne_3,Produit_B,355,10,2.0,Equipe_Apres_Midi
2024-08-19,Ligne_3,Produit_C,497,13,3.0,Equipe_Apres_Midi
2024-08-20,Ligne_1,Produit_A,495,21,23.0,Equipe_Nuit
2024-08-20,Ligne_1,Produit_B,79,5,9.0,Equipe_Nuit
2024-08-20,Ligne_2,Produit_A,494,15,41.0,Equipe_Matin
2024-08-20,Ligne_2,Produit_B,232,6,22.0,Equipe_Apres_Midi
2024-08-20,Ligne_3,Produit_A,57,0,0.0,Equipe_Matin
2024-08-20,Ligne_3,Produit_C,103,4,3.0,Equipe_Nuit
2024-08-21,Ligne_1,Produit_B,470,25,2.0,Equipe_Nuit
2024-08-21,Ligne_1,Produit_C,360,12,,Equipe_Apres_Midi
2024-08-21,Ligne_2,Produit_B,209,6,4.0,Equipe_Apres_Midi
2024-08-21,Ligne_2,Produit_C,218,3,43.0,Equipe_Matin
2024-08-21,Ligne_3,Produit_A,435,20,14.0,Equipe_Nuit
2024-08-22,Ligne_1,Produit_B,305,4,2.0,Equipe_Matin
2024-08-22,Ligne_1,Produit_C,357,22,21.0,Equipe_Nuit
2024-08-22,Ligne_2,Produit_B,52,0,3.0,Equipe_Matin
2024-08-22,Ligne_2,Produit_C,171,2,22.0,Equipe_Nuit
2024-08-22,Ligne_3,Produit_B,382,20,4.0,Equipe_Nuit
2024-08-22,Ligne_3,Produit_C,466,23,1.0,Equipe_Nuit
2024-08-23,Ligne_2,Produit_B,393,10,25.0,Equipe_Matin
2024-08-23,Ligne_2,Produit_C,74,2,22.0,Equipe_Apres_Midi
2024-08-23,Ligne_3,Produit_A,394,6,1.0,Equipe_Apres_Midi
2024-08-23,Ligne_3,Produit_C,356,17,17.0,Equipe_Apres_Midi
2024-08-24,Ligne_1,Produit_A,294,20,5.0,Equipe_Nuit
2024-08-24,Ligne_1,Produit_C,385,8,4.0,Equipe_Apres_Midi
2024-08-24,Ligne_2,Produit_C,424,9,22.0,Equipe_Apres_Midi
2024-08-24,Ligne_3,Produit_B,203,7,21.0,Equipe_Matin
2024-08-26,Ligne_1,Produit_A,368,10,0.0,Equipe_Matin
2024-08-26,Ligne_2,Produit_A,113,6,38.0,Equipe_Matin
2024-08-26,Ligne_3,Produit_C,338,15,32.0,Equipe_Apres_Midi
2024-08-27,Ligne_1,Produit_A,463,25,21.0,Equipe_Nuit
2024-08-27,Ligne_2,Produit_C,399,11,4.0,Equipe_Apres_Midi
2024-08-28,Ligne_1,Produit_B,233,4,22.0,Equipe_Matin
2024-08-28,Ligne_2,Produit_B,327,16,4.0,Equipe_Nuit
2024-08-28,Ligne_3,Produit_A,95,3,34.0,Equipe_Apres_Midi
2024-08-28,Ligne_3,Produit_B,140,4,0.0,Equipe_Matin
2024-08-28,Ligne_3,Produit_C,267,19,16.0,Equipe_Nuit
2024-08-29,Ligne_1,Produit_A,53,0,22.0,Equipe_Apres_Midi
2024-08-29,Ligne_1,Produit_B,139,7,11.0,Equipe_Apres_Midi
2024-08-29,Ligne_1,Produit_C,171,7,1.0,Equipe_Matin
2024-08-29,Ligne_2,Produit_B,399,7,2.0,Equipe_Apres_Midi
2024-08-29,Ligne_3,Produit_B,141,6,5.0,Equipe_Matin
2024-08-29,Ligne_3,Produit_C,132,2,27.0,Equipe_Matin
2024-08-30,Ligne_1,Produit_A,291,10,0.0,Equipe_Matin
2024-08-30,Ligne_1,Produit_C,425,25,12.0,Equipe_Nuit
2024-08-30,Ligne_2,Produit_A,420,14,,Equipe_Apres_Midi
2024-08-30,Ligne_2,Produit_B,80,3,5.0,Equipe_Nuit
2024-08-30,Ligne_3,Produit_B,475,16,6.0,Equipe_Apres_Midi
2024-08-31,Ligne_1,Produit_C,160,12,8.0,Equipe_Nuit
2024-08-31,Ligne_2,Produit_A,170,8,9.0,Equipe_Nuit
2024-08-31,Ligne_2,Produit_C,450,23,5.0,Equipe_Nuit
2024-08-31,Ligne_3,Produit_A,172,12,15.0,Equipe_Nuit
2024-08-31,Ligne_3,Produit_B,459,25,4.0,Equipe_Nuit
2024-09-02,Ligne_1,Produit_C,151,4,8.0,Equipe_Apres_Midi
2024-09-02,Ligne_2,Produit_A,333,10,4.0,Equipe_Matin
2024-09-02,Ligne_2,Produit_C,222,9,20.0,Equipe_Apres_Midi
2024-09-02,Ligne_3,Produit_A,437,18,10.0,Equipe_Matin
2024-09-02,Ligne_3,Produit_C,81,4,14.0,Equipe_Matin
2024-09-03,Ligne_1,Produit_A,74,1,0.0,Equipe_Nuit
2024-09-03,Ligne_1,Produit_B,487,12,18.0,Equipe_Apres_Midi
2024-09-03,Ligne_1,Produit_C,195,14,10.0,Equipe_Nuit
2024-09-03,Ligne_2,Produit_A,422,9,1.0,Equipe_Apres_Midi
2024-09-03,Ligne_2,Produit_C,346,13,12.0,Equipe_Nuit
2024-09-03,Ligne_3,Produit_A,354,9,31.0,Equipe_Apres_Midi
2024-09-04,Ligne_1,Produit_A,329,12,4.0,Equipe_Apres_Midi
2024-09-04,Ligne_1,Produit_C,471,25,1.0,Equipe_Nuit
2024-09-04,Ligne_2,Produit_A,287,9,33.0,Equipe_Matin
2024-09-04,Ligne_2,Produit_B,330,15,14.0,Equipe_Apres_Midi
2024-09-04,Ligne_3,Produit_A,292,7,6.0,Equipe_Matin
2024-09-04,Ligne_3,Produit_B,157,3,28.0,Equipe_Matin
2024-09-05,Ligne_1,Produit_C,56,1,15.0,Equipe_Nuit
2024-09-05,Ligne_2,Produit_B,364,22,16.0,Equipe_Nuit
2024-09-05,Ligne_2,Produit_C,470,15,18.0,Equipe_Matin
2024-09-05,Ligne_3,Produit_B,416,22,9.0,Equipe_Nuit
2024-09-06,Ligne_1,Produit_B,184,-13,5.0,Equipe_Nuit
2024-09-06,Ligne_2,Produit_A,277,11,14.0,Equipe_Matin
2024-09-06,Ligne_2,Produit_B,60,3,8.0,Equipe_Apres_Midi
2024-09-06,Ligne_2,Produit_C,296,6,2.0,Equipe_Matin
2024-09-06,Ligne_3,Produit_A,144,6,11.0,Equipe_Matin
2024-09-06,Ligne_3,Produit_C,81,3,0.0,Equipe_Nuit
2024-09-07,Ligne_3,Produit_C,81,3,3.0,Equipe_Apres_Midi
2024-09-09,Ligne_1,Produit_A,480,17,22.0,Equipe_Nuit
2024-09-09,Ligne_1,Produit_C,461,17,7.0,Equipe_Apres_Midi
2024-09-09,Ligne_2,Produit_C,354,10,1.0,Equipe_Matin
2024-09-09,Ligne_3,Produit_A,220,14,58.0,Equipe_Nuit
2024-09-09,Ligne_3,Produit_C,307,10,7.0,Equipe_Apres_Midi
2024-09-10,Ligne_1,Produit_B,475,12,27.0,Equipe_Matin
2024-09-10,Ligne_2,Produit_B,167,10,2.0,Equipe_Apres_Midi
2024-09-10,Ligne_2,Produit_C,491,18,39.0,Equipe_Matin
2024-09-10,Ligne_3,Produit_A,270,11,4.0,Equipe_Matin
2024-09-10,Ligne_3,Produit_B,54,3,38.0,Equipe_Nuit
2024-09-11,Ligne_1,Produit_A,118,7,44.0,Equipe_Matin
2024-09-11,Ligne_2,Produit_A,257,5,32.0,Equipe_Apres_Midi
2024-09-11,Ligne_3,Produit_A,225,14,41.0,Equipe_Apres_Midi
2024-09-11,Ligne_3,Produit_B,225,5,21.0,Equipe_Matin
2024-09-11,Ligne_3,Produit_C,278,8,,Equipe_Apres_Midi
2024-09-12,Ligne_1,Produit_A,74,2,0.0,Equipe_Apres_Midi
2024-09-12,Ligne_1,Produit_B,322,9,12.0,Equipe_Apres_Midi
2024-09-12,Ligne_2,Produit_A,282,8,46.0,Equipe_Matin
2024-09-12,Ligne_2,Produit_B,337,5,22.0,Equipe_Apres_Midi
2024-09-12,Ligne_3,Produit_A,496,18,14.0,Equipe_Matin
2024-09-13,Ligne_1,Produit_A,316,16,27.0,Equipe_Nuit
2024-09-13,Ligne_1,Produit_C,84,4,4.0,Equipe_Nuit
2024-09-13,Ligne_2,Produit_A,62,1,5.0,Equipe_Apres_Midi
2024-09-13,Ligne_2,Produit_B,219,7,26.0,Equipe_Nuit
2024-09-13,Ligne_2,Produit_C,99,6,1.0,Equipe_Nuit
2024-09-13,Ligne_3,Produit_A,317,10,1.0,Equipe_Nuit
2024-09-13,Ligne_3,Produit_B,214,7,35.0,Equipe_Apres_Midi
2024-09-14,Ligne_1,Produit_A,402,12,15.0,Equipe_Apres_Midi
2024-09-14,Ligne_1,Produit_C,456,23,13.0,Equipe_Nuit
2024-09-14,Ligne_2,Produit_A,167,4,6.0,Equipe_Nuit
2024-09-14,Ligne_3,Produit_A,175,4,17.0,Equipe_Matin
2024-09-14,Ligne_3,Produit_B,472,18,25.0,Equipe_Matin
2024-09-14,Ligne_3,Produit_C,325,10,,Equipe_Matin
2024-09-16,Ligne_1,Produit_B,84,8,30.0,Equipe_Nuit
2024-09-16,Ligne_2,Produit_A,291,13,94.0,Equipe_Nuit
2024-09-16,Ligne_2,Produit_B,362,14,3.0,Equipe_Nuit
2024-09-16,Ligne_2,Produit_C,288,18,6.0,Equipe_Nuit
2024-09-16,Ligne_3,Produit_B,415,15,39.0,Equipe_Matin
2024-09-16,Ligne_3,Produit_C,141,6,63.0,Equipe_Nuit
2024-09-17,Ligne_1,Produit_B,270,10,15.0,Equipe_Matin
2024-09-17,Ligne_1,Produit_C,355,16,12.0,Equipe_Nuit
2024-09-17,Ligne_2,Produit_A,159,12,5.0,Equipe_Nuit
2024-09-17,Ligne_3,Produit_A,221,8,0.0,Equipe_Apres_Midi
2024-09-17,Ligne_3,Produit_C,289,10,47.0,Equipe_Apres_Midi
2024-09-18,Ligne_1,Produit_A,316,18,31.0,Equipe_Nuit
2024-09-18,Ligne_1,Produit_C,201,16,,Equipe_Nuit
2024-09-18,Ligne_2,Produit_B,472,19,5.0,Equipe_Nuit
2024-09-18,Ligne_3,Produit_C,235,11,5.0,Equipe_Matin
2024-09-19,Ligne_3,Produit_B,475,16,3.0,Equipe_Matin
2024-09-19,Ligne_3,Produit_C,264,9,15.0,Equipe_Matin
2024-09-20,Ligne_1,Produit_A,233,9,51.0,Equipe_Matin
2024-09-20,Ligne_1,Produit_B,259,10,,Equipe_Nuit
2024-09-20,Ligne_2,Produit_B,216,18,31.0,Equipe_Nuit
2024-09-20,Ligne_3,Produit_A,424,16,11.0,Equipe_Apres_Midi
2024-09-21,Ligne_1,Produit_A,398,10,8.0,Equipe_Apres_Midi
2024-09-21,Ligne_1,Produit_C,116,3,35.0,Equipe_Nuit
2024-09-21,Ligne_2,Produit_A,363,13,16.0,Equipe_Matin
2024-09-21,Ligne_2,Produit_C,329,11,13.0,Equipe_Matin
2024-09-21,Ligne_3,Produit_C,89,1,33.0,Equipe_Apres_Midi
2024-09-23,Ligne_1,Produit_A,459,18,17.0,Equipe_Nuit
2024-09-23,Ligne_1,Produit_C,88,4,0.0,Equipe_Matin
2024-09-23,Ligne_2,Produit_A,411,25,32.0,Equipe_Nuit
2024-09-23,Ligne_3,Produit_B,404,22,14.0,Equipe_Nuit
2024-09-24,Ligne_1,Produit_A,329,10,7.0,Equipe_Apres_Midi
2024-09-24,Ligne_1,Produit_B,491,14,48.0,Equipe_Matin
2024-09-24,Ligne_2,Produit_C,210,8,10.0,Equipe_Apres_Midi
2024-09-24,Ligne_3,Produit_A,193,2,24.0,Equipe_Matin
2024-09-24,Ligne_3,Produit_B,495,25,36.0,Equipe_Nuit
2024-09-24,Ligne_3,Produit_C,128,7,12.0,Equipe_Nuit
2024-09-25,Ligne_1,Produit_A,193,10,11.0,Equipe_Nuit
2024-09-25,Ligne_2,Produit_A,105,4,12.0,Equipe_Apres_Midi
2024-09-25,Ligne_2,Produit_B,174,11,32.0,Equipe_Nuit
2024-09-25,Ligne_2,Produit_C,468,22,5.0,Equipe_Nuit
2024-09-25,Ligne_3,Produit_A,273,9,2.0,Equipe_Nuit
2024-09-26,Ligne_1,Produit_C,90,3,7.0,Equipe_Nuit
2024-09-26,Ligne_2,Produit_A,358,12,17.0,Equipe_Matin
2024-09-26,Ligne_2,Produit_B,178,8,45.0,Equipe_Nuit
2024-09-26,Ligne_3,Produit_C,67,2,1.0,Equipe_Nuit
2024-09-27,Ligne_1,Produit_A,194,12,,Equipe_Nuit
2024-09-27,Ligne_1,Produit_B,106,2,1.0,Equipe_Apres_Midi
2024-09-27,Ligne_1,Produit_C,174,12,12.0,Equipe_Matin
2024-09-27,Ligne_2,Produit_A,273,6,22.0,Equipe_Apres_Midi
2024-09-27,Ligne_2,Produit_B,454,25,29.0,Equipe_Nuit
2024-09-27,Ligne_2,Produit_C,263,11,48.0,Equipe_Nuit
2024-09-27,Ligne_3,Produit_A,348,9,3.0,Equipe_Matin
2024-09-27,Ligne_3,Produit_B,214,12,3.0,Equipe_Nuit
2024-09-27,Ligne_3,Produit_C,69,5,3.0,Equipe_Nuit
2024-09-28,Ligne_1,Produit_B,329,18,0.0,Equipe_Nuit
2024-09-28,Ligne_2,Produit_A,93,6,9.0,Equipe_Nuit
2024-09-28,Ligne_2,Produit_B,412,16,3.0,Equipe_Matin
2024-09-28,Ligne_3,Produit_A,375,18,35.0,Equipe_Nuit
2024-09-28,Ligne_3,Produit_B,208,9,2.0,Equipe_Matin
2024-09-28,Ligne_3,Produit_C,235,8,0.0,Equipe_Apres_Midi
2024-09-30,Ligne_1,Produit_B,334,14,9.0,Equipe_Matin
2024-09-30,Ligne_2,Produit_A,103,4,23.0,Equipe_Apres_Midi
2024-09-30,Ligne_3,Produit_A,344,7,8.0,Equipe_Apres_Midi
2024-09-30,Ligne_3,Produit_C,413,13,36.0,Equipe_Apres_Midi
2024-10-01,Ligne_2,Produit_A,391,8,1.0,Equipe_Matin
2024-10-01,Ligne_3,Produit_B,171,12,4.0,Equipe_Nuit
2024-10-01,Ligne_3,Produit_C,203,9,24.0,Equipe_Matin
2024-10-02,Ligne_1,Produit_A,286,5,36.0,Equipe_Matin
2024-10-02,Ligne_2,Produit_A,182,2,14.0,Equipe_Apres_Midi
2024-10-02,Ligne_2,Produit_B,273,12,1.0,Equipe_Nuit
2024-10-02,Ligne_3,Produit_A,407,23,7.0,Equipe_Apres_Midi
2024-10-02,Ligne_3,Produit_C,218,7,35.0,Equipe_Apres_Midi
2024-10-03,Ligne_1,Produit_A,277,5,3.0,Equipe_Matin
2024-10-03,Ligne_1,Produit_C,415,11,9.0,Equipe_Matin
2024-10-03,Ligne_3,Produit_A,213,8,17.0,Equipe_Apres_Midi
2024-10-04,Ligne_1,Produit_A,180,9,13.0,Equipe_Matin
2024-10-04,Ligne_2,Produit_C,449,11,10.0,Equipe_Apres_Midi
2024-10-04,Ligne_3,Produit_B,181,6,12.0,Equipe_Matin
2024-10-04,Ligne_3,Produit_C,235,9,29.0,Equipe_Matin
2024-10-05,Ligne_2,Produit_B,401,13,1.0,Equipe_Matin
2024-10-05,Ligne_3,Produit_B,246,13,6.0,Equipe_Nuit
2024-10-07,Ligne_1,Produit_A,397,14,16.0,Equipe_Matin
2024-10-07,Ligne_1,Produit_C,138,7,1.0,Equipe_Nuit
2024-10-07,Ligne_2,Produit_C,211,9,6.0,Equipe_Apres_Midi
2024-10-07,Ligne_3,Produit_B,469,13,2.0,Equipe_Apres_Midi
2024-10-08,Ligne_1,Produit_A,377,10,5.0,Equipe_Nuit
2024-10-08,Ligne_1,Produit_B,336,22,0.0,Equipe_Nuit
2024-10-08,Ligne_2,Produit_B,114,5,6.0,Equipe_Nuit
2024-10-08,Ligne_3,Produit_A,235,14,6.0,Equipe_Nuit
2024-10-09,Ligne_1,Produit_A,293,12,27.0,Equipe_Nuit
2024-10-09,Ligne_1,Produit_B,454,25,13.0,Equipe_Nuit
2024-10-09,Ligne_2,Produit_B,479,14,14.0,Equipe_Matin
2024-10-09,Ligne_3,Produit_A,238,9,8.0,Equipe_Nuit
2024-10-09,Ligne_3,Produit_C,485,23,9.0,Equipe_Nuit
2024-10-10,Ligne_1,Produit_A,88,5,3.0,Equipe_Nuit
2024-10-10,Ligne_2,Produit_A,258,11,2.0,Equipe_Nuit
2024-10-10,Ligne_2,Produit_C,171,5,26.0,Equipe_Matin
2024-10-11,Ligne_1,Produit_A,243,3,27.0,Equipe_Apres_Midi
2024-10-11,Ligne_1,Produit_B,194,6,13.0,Equipe_Apres_Midi
2024-10-11,Ligne_1,Produit_C,117,9,2.0,Equipe_Nuit
2024-10-11,Ligne_2,Produit_B,476,25,7.0,Equipe_Nuit
2024-10-11,Ligne_3,Produit_A,87,3,16.0,Equipe_Nuit
2024-10-11,Ligne_3,Produit_B,282,15,12.0,Equipe_Apres_Midi
2024-10-11,Ligne_3,Produit_C,288,6,17.0,Equipe_Apres_Midi
2024-10-12,Ligne_1,Produit_C,145,4,7.0,Equipe_Matin
2024-10-12,Ligne_2,Produit_A,116,5,3.0,Equipe_Nuit
2024-10-12,Ligne_3,Produit_B,424,9,8.0,Equipe_Matin
2024-10-12,Ligne_3,Produit_C,466,18,60.0,Equipe_Nuit
2024-10-14,Ligne_1,Produit_A,417,13,0.0,Equipe_Apres_Midi
2024-10-14,Ligne_1,Produit_C,293,7,4.0,Equipe_Matin
2024-10-14,Ligne_2,Produit_B,391,17,35.0,Equipe_Apres_Midi
2024-10-14,Ligne_2,Produit_C,258,6,3.0,Equipe_Apres_Midi
2024-10-14,Ligne_3,Produit_A,414,22,16.0,Equipe_Nuit
2024-10-14,Ligne_3,Produit_B,50,2,,Equipe_Matin
2024-10-15,Ligne_1,Produit_B,365,20,0.0,Equipe_Nuit
2024-10-15,Ligne_2,Produit_A,164,3,21.0,Equipe_Nuit
2024-10-15,Ligne_2,Produit_C,407,15,13.0,Equipe_Apres_Midi
2024-10-15,Ligne_3,Produit_A,176,3,15.0,Equipe_Matin
2024-10-15,Ligne_3,Produit_C,281,7,1.0,Equipe_Apres_Midi
2024-10-16,Ligne_1,Produit_A,107,2,24.0,Equipe_Apres_Midi
2024-10-16,Ligne_1,Produit_B,261,8,0.0,Equipe_Apres_Midi
2024-10-16,Ligne_1,Produit_C,238,12,0.0,Equipe_Apres_Midi
2024-10-16,Ligne_2,Produit_B,219,7,8.0,Equipe_Apres_Midi
2024-10-16,Ligne_3,Produit_A,165,10,6.0,Equipe_Nuit
2024-10-16,Ligne_3,Produit_B,431,12,10.0,Equipe_Apres_Midi
2024-10-16,Ligne_3,Produit_C,75,8,6.0,Equipe_Nuit
2024-10-17,Ligne_1,Produit_A,277,7,,Equipe_Matin
2024-10-17,Ligne_1,Produit_B,272,13,62.0,Equipe_Nuit
2024-10-17,Ligne_1,Produit_C,474,12,3.0,Equipe_Matin
2024-10-17,Ligne_2,Produit_C,228,15,1.0,Equipe_Nuit
2024-10-17,Ligne_3,Produit_A,289,11,4.0,Equipe_Matin
2024-10-17,Ligne_3,Produit_B,483,10,9.0,Equipe_Matin
2024-10-17,Ligne_3,Produit_C,380,12,18.0,Equipe_Matin
2024-10-18,Ligne_1,Produit_C,52,0,32.0,Equipe_Matin
2024-10-18,Ligne_2,Produit_B,159,9,2.0,Equipe_Nuit
2024-10-18,Ligne_2,Produit_C,234,7,10.0,Equipe_Matin
2024-10-18,Ligne_3,Produit_B,425,11,33.0,Equipe_Apres_Midi
2024-10-18,Ligne_3,Produit_C,460,25,27.0,Equipe_Nuit
2024-10-19,Ligne_1,Produit_A,433,15,6.0,Equipe_Apres_Midi
2024-10-19,Ligne_1,Produit_B,338,23,39.0,Equipe_Nuit
2024-10-19,Ligne_1,Produit_C,341,7,9.0,Equipe_Matin
2024-10-19,Ligne_3,Produit_A,221,8,1.0,Equipe_Matin
2024-10-21,Ligne_1,Produit_C,274,11,14.0,Equipe_Apres_Midi
2024-10-21,Ligne_2,Produit_B,446,23,12.0,Equipe_Nuit
2024-10-21,Ligne_2,Produit_C,324,22,7.0,Equipe_Nuit
2024-10-21,Ligne_3,Produit_A,91,3,16.0,Equipe_Matin
2024-10-21,Ligne_3,Produit_C,62,4,4.0,Equipe_Apres_Midi
2024-10-22,Ligne_1,Produit_A,83,1,4.0,Equipe_Matin
2024-10-22,Ligne_2,Produit_C,195,5,40.0,Equipe_Matin
2024-10-23,Ligne_1,Produit_A,232,13,15.0,Equipe_Nuit
2024-10-23,Ligne_1,Produit_B,253,17,19.0,Equipe_Nuit
2024-10-23,Ligne_2,Produit_A,134,6,2.0,Equipe_Nuit
2024-10-23,Ligne_3,Produit_B,189,12,8.0,Equipe_Nuit
2024-10-23,Ligne_3,Produit_C,222,4,1.0,Equipe_Apres_Midi
2024-10-24,Ligne_1,Produit_A,444,8,24.0,Equipe_Apres_Midi
2024-10-24,Ligne_2,Produit_A,57,0,4.0,Equipe_Nuit
2024-10-24,Ligne_2,Produit_C,263,21,20.0,Equipe_Nuit
2024-10-24,Ligne_3,Produit_B,454,14,23.0,Equipe_Matin
2024-10-25,Ligne_1,Produit_A,479,23,16.0,Equipe_Apres_Midi
2024-10-25,Ligne_1,Produit_B,399,10,10.0,Equipe_Matin
2024-10-25,Ligne_1,Produit_C,414,19,1.0,Equipe_Matin
2024-10-25,Ligne_2,Produit_C,161,4,18.0,Equipe_Apres_Midi
2024-10-25,Ligne_3,Produit_A,111,2,6.0,Equipe_Matin
2024-10-25,Ligne_3,Produit_B,334,4,27.0,Equipe_Matin
2024-10-26,Ligne_1,Produit_B,321,12,2.0,Equipe_Matin
2024-10-26,Ligne_1,Produit_C,94,3,11.0,Equipe_Apres_Midi
2024-10-26,Ligne_3,Produit_C,84,6,8.0,Equipe_Nuit
2024-10-28,Ligne_1,Produit_B,139,6,97.0,Equipe_Matin
2024-10-28,Ligne_2,Produit_A,222,12,81.0,Equipe_Nuit
2024-10-28,Ligne_2,Produit_B,320,12,16.0,Equipe_Nuit
2024-10-28,Ligne_2,Produit_C,500,10,10.0,Equipe_Apres_Midi
2024-10-28,Ligne_3,Produit_B,164,9,9.0,Equipe_Nuit
2024-10-29,Ligne_1,Produit_B,466,10,23.0,Equipe_Apres_Midi
2024-10-29,Ligne_2,Produit_B,157,8,2.0,Equipe_Nuit
2024-10-29,Ligne_3,Produit_A,170,4,42.0,Equipe_Matin
2024-10-29,Ligne_3,Produit_C,97,2,10.0,Equipe_Matin
2024-10-30,Ligne_2,Produit_A,446,11,12.0,Equipe_Matin
2024-10-30,Ligne_3,Produit_B,449,18,7.0,Equipe_Matin
2024-10-30,Ligne_3,Produit_C,495,25,9.0,Equipe_Nuit
2024-10-31,Ligne_1,Produit_A,429,15,43.0,Equipe_Apres_Midi
2024-10-31,Ligne_1,Produit_C,339,9,59.0,Equipe_Matin
2024-10-31,Ligne_2,Produit_A,200,5,3.0,Equipe_Matin
2024-10-31,Ligne_2,Produit_B,376,10,0.0,Equipe_Matin
2024-10-31,Ligne_2,Produit_C,138,1,,Equipe_Matin
2024-10-31,Ligne_3,Produit_B,290,5,40.0,Equipe_Apres_Midi
2024-11-01,Ligne_1,Produit_A,118,7,7.0,Equipe_Nuit
2024-11-01,Ligne_1,Produit_B,352,19,10.0,Equipe_Nuit
2024-11-01,Ligne_2,Produit_A,199,12,19.0,Equipe_Nuit
2024-11-02,Ligne_1,Produit_A,395,10,64.0,Equipe_Matin
2024-11-02,Ligne_1,Produit_B,266,10,17.0,Equipe_Matin
2024-11-02,Ligne_1,Produit_C,251,16,2.0,Equipe_Nuit
2024-11-02,Ligne_2,Produit_A,270,4,21.0,Equipe_Apres_Midi
2024-11-02,Ligne_2,Produit_C,229,6,17.0,Equipe_Nuit
2024-11-02,Ligne_3,Produit_A,205,7,3.0,Equipe_Matin
2024-11-04,Ligne_1,Produit_A,229,15,29.0,Equipe_Nuit
2024-11-04,Ligne_1,Produit_B,411,13,28.0,Equipe_Matin
2024-11-04,Ligne_1,Produit_C,266,8,0.0,Equipe_Nuit
2024-11-04,Ligne_2,Produit_B,254,6,0.0,Equipe_Apres_Midi
2024-11-04,Ligne_2,Produit_C,341,9,12.0,Equipe_Matin
2024-11-04,Ligne_3,Produit_A,91,5,15.0,Equipe_Matin
2024-11-04,Ligne_3,Produit_B,239,15,0.0,Equipe_Nuit
2024-11-04,Ligne_3,Produit_C,101,1,20.0,Equipe_Apres_Midi
2024-11-05,Ligne_1,Produit_B,123,2,42.0,Equipe_Matin
2024-11-05,Ligne_2,Produit_C,314,9,2.0,Equipe_Apres_Midi
2024-11-05,Ligne_3,Produit_A,431,7,18.0,Equipe_Apres_Midi
2024-11-06,Ligne_1,Produit_A,127,9,4.0,Equipe_Nuit
2024-11-06,Ligne_1,Produit_B,106,5,5.0,Equipe_Nuit
2024-11-06,Ligne_2,Produit_A,487,15,23.0,Equipe_Matin
2024-11-06,Ligne_2,Produit_B,135,7,20.0,Equipe_Nuit
2024-11-06,Ligne_2,Produit_C,268,7,2.0,Equipe_Apres_Midi
2024-11-06,Ligne_3,Produit_A,113,4,13.0,Equipe_Nuit
2024-11-06,Ligne_3,Produit_C,89,2,4.0,Equipe_Apres_Midi
2024-11-07,Ligne_1,Produit_B,434,9,59.0,Equipe_Matin
2024-11-07,Ligne_2,Produit_C,117,3,36.0,Equipe_Apres_Midi
2024-11-07,Ligne_3,Produit_B,380,9,3.0,Equipe_Apres_Midi
2024-11-08,Ligne_1,Produit_A,122,5,9.0,Equipe_Apres_Midi
2024-11-08,Ligne_1,Produit_B,135,5,27.0,Equipe_Nuit
2024-11-08,Ligne_2,Produit_A,416,15,18.0,Equipe_Apres_Midi
2024-11-08,Ligne_2,Produit_C,397,19,28.0,Equipe_Nuit
2024-11-08,Ligne_3,Produit_A,256,8,11.0,Equipe_Matin
2024-11-08,Ligne_3,Produit_B,178,14,3.0,Equipe_Nuit
2024-11-08,Ligne_3,Produit_C,433,19,19.0,Equipe_Matin
2024-11-09,Ligne_1,Produit_A,295,18,19.0,Equipe_Nuit
2024-11-09,Ligne_1,Produit_B,441,14,0.0,Equipe_Apres_Midi
2024-11-09,Ligne_1,Produit_C,70,7,9.0,Equipe_Nuit
2024-11-09,Ligne_2,Produit_B,407,12,19.0,Equipe_Apres_Midi
2024-11-09,Ligne_2,Produit_C,405,22,23.0,Equipe_Nuit
2024-11-09,Ligne_3,Produit_B,452,15,1.0,Equipe_Nuit
2024-11-11,Ligne_1,Produit_B,262,10,7.0,Equipe_Apres_Midi
2024-11-11,Ligne_2,Produit_A,83,4,2.0,Equipe_Matin
2024-11-11,Ligne_2,Produit_B,194,16,5.0,Equipe_Nuit
2024-11-11,Ligne_3,Produit_A,236,5,26.0,Equipe_Apres_Midi
2024-11-11,Ligne_3,Produit_B,50,2,7.0,Equipe_Nuit
2024-11-11,Ligne_3,Produit_C,283,8,17.0,Equipe_Apres_Midi
2024-11-12,Ligne_2,Produit_A,256,10,38.0,Equipe_Apres_Midi
2024-11-12,Ligne_2,Produit_C,394,25,11.0,Equipe_Nuit
2024-11-12,Ligne_3,Produit_A,426,15,2.0,Equipe_Apres_Midi
2024-11-12,Ligne_3,Produit_B,299,11,7.0,Equipe_Matin
2024-11-12,Ligne_3,Produit_C,147,6,0.0,Equipe_Apres_Midi
2024-11-13,Ligne_1,Produit_A,296,13,6.0,Equipe_Nuit
2024-11-13,Ligne_1,Produit_B,400,13,3.0,Equipe_Apres_Midi
2024-11-13,Ligne_2,Produit_A,411,9,103.0,Equipe_Apres_Midi
2024-11-13,Ligne_2,Produit_C,233,4,8.0,Equipe_Matin
2024-11-13,Ligne_3,Produit_A,53,2,1.0,Equipe_Matin
2024-11-13,Ligne_3,Produit_B,473,16,1.0,Equipe_Matin
2024-11-13,Ligne_3,Produit_C,270,8,4.0,Equipe_Matin
2024-11-14,Ligne_3,Produit_C,107,2,6.0,Equipe_Apres_Midi
2024-11-15,Ligne_1,Produit_C,242,5,43.0,Equipe_Apres_Midi
2024-11-15,Ligne_2,Produit_B,237,12,11.0,Equipe_Matin
2024-11-15,Ligne_3,Produit_A,144,8,1.0,Equipe_Nuit
2024-11-16,Ligne_1,Produit_A,274,11,33.0,Equipe_Matin
2024-11-16,Ligne_1,Produit_B,406,9,51.0,Equipe_Matin
2024-11-16,Ligne_2,Produit_A,383,22,27.0,Equipe_Nuit
2024-11-16,Ligne_2,Produit_B,383,15,12.0,Equipe_Matin
2024-11-16,Ligne_2,Produit_C,450,14,4.0,Equipe_Apres_Midi
2024-11-16,Ligne_3,Produit_B,415,20,1.0,Equipe_Nuit
2024-11-18,Ligne_1,Produit_B,466,20,63.0,Equipe_Apres_Midi
2024-11-18,Ligne_1,Produit_C,134,8,8.0,Equipe_Nuit
2024-11-18,Ligne_2,Produit_A,257,5,11.0,Equipe_Apres_Midi
2024-11-18,Ligne_2,Produit_C,339,11,3.0,Equipe_Matin
2024-11-18,Ligne_3,Produit_B,73,3,2.0,Equipe_Nuit
2024-11-18,Ligne_3,Produit_C,483,12,2.0,Equipe_Matin
2024-11-19,Ligne_2,Produit_A,210,4,,Equipe_Apres_Midi
2024-11-19,Ligne_2,Produit_C,292,11,1.0,Equipe_Apres_Midi
2024-11-19,Ligne_3,Produit_A,413,7,1.0,Equipe_Matin
2024-11-19,Ligne_3,Produit_B,300,10,2.0,Equipe_Apres_Midi
2024-11-19,Ligne_3,Produit_C,288,11,8.0,Equipe_Nuit
2024-11-20,Ligne_1,Produit_C,407,9,15.0,Equipe_Matin
2024-11-20,Ligne_2,Produit_B,100,3,16.0,Equipe_Matin
2024-11-20,Ligne_3,Produit_A,375,9,45.0,Equipe_Apres_Midi
2024-11-20,Ligne_3,Produit_B,57,2,6.0,Equipe_Apres_Midi
2024-11-21,Ligne_1,Produit_A,243,5,6.0,Equipe_Matin
2024-11-21,Ligne_1,Produit_B,202,7,26.0,Equipe_Nuit
2024-11-21,Ligne_2,Produit_A,87,1,18.0,Equipe_Nuit
2024-11-21,Ligne_2,Produit_B,230,18,26.0,Equipe_Nuit
2024-11-21,Ligne_2,Produit_C,121,1,4.0,Equipe_Matin
2024-11-21,Ligne_3,Produit_A,84,0,3.0,Equipe_Matin
2024-11-21,Ligne_3,Produit_C,487,23,6.0,Equipe_Nuit
2024-11-22,Ligne_1,Produit_A,283,13,16.0,Equipe_Nuit
2024-11-22,Ligne_1,Produit_B,195,2,34.0,Equipe_Matin
2024-11-22,Ligne_2,Produit_C,447,22,16.0,Equipe_Nuit
2024-11-22,Ligne_3,Produit_B,148,7,1.0,Equipe_Nuit
2024-11-22,Ligne_3,Produit_C,407,20,0.0,Equipe_Nuit
2024-11-23,Ligne_1,Produit_A,464,20,48.0,Equipe_Matin
2024-11-23,Ligne_1,Produit_B,216,5,13.0,Equipe_Matin
2024-11-23,Ligne_2,Produit_B,442,12,22.0,Equipe_Matin
2024-11-23,Ligne_2,Produit_C,316,21,19.0,Equipe_Nuit
2024-11-23,Ligne_3,Produit_B,196,4,0.0,Equipe_Matin
2024-11-25,Ligne_1,Produit_A,200,4,29.0,Equipe_Apres_Midi
2024-11-25,Ligne_2,Produit_A,255,6,21.0,Equipe_Apres_Midi
2024-11-25,Ligne_2,Produit_B,479,18,13.0,Equipe_Matin
2024-11-25,Ligne_3,Produit_A,183,5,3.0,Equipe_Apres_Midi
2024-11-25,Ligne_3,Produit_C,449,18,,Equipe_Apres_Midi
2024-11-26,Ligne_1,Produit_A,235,4,20.0,Equipe_Apres_Midi
2024-11-26,Ligne_2,Produit_A,430,14,32.0,Equipe_Apres_Midi
2024-11-26,Ligne_2,Produit_C,425,11,2.0,Equipe_Matin
2024-11-26,Ligne_3,Produit_A,199,6,13.0,Equipe_Nuit
2024-11-27,Ligne_1,Produit_C,404,21,3.0,Equipe_Nuit
2024-11-27,Ligne_2,Produit_C,428,8,64.0,Equipe_Matin
2024-11-27,Ligne_3,Produit_B,418,13,0.0,Equipe_Matin
2024-11-28,Ligne_1,Produit_B,379,6,11.0,Equipe_Apres_Midi
2024-11-28,Ligne_2,Produit_A,253,12,20.0,Equipe_Apres_Midi
2024-11-28,Ligne_3,Produit_C,259,10,2.0,Equipe_Nuit
2024-11-29,Ligne_1,Produit_A,325,12,19.0,Equipe_Apres_Midi
2024-11-29,Ligne_1,Produit_B,240,5,10.0,Equipe_Matin
2024-11-29,Ligne_1,Produit_C,490,10,3.0,Equipe_Apres_Midi
2024-11-29,Ligne_2,Produit_A,292,19,45.0,Equipe_Nuit
2024-11-29,Ligne_2,Produit_B,460,11,57.0,Equipe_Matin
2024-11-29,Ligne_2,Produit_C,291,10,14.0,Equipe_Apres_Midi
2024-11-29,Ligne_3,Produit_B,434,11,1.0,Equipe_Matin
2024-11-29,Ligne_3,Produit_C,156,5,29.0,Equipe_Nuit
2024-11-30,Ligne_1,Produit_A,314,6,10.0,Equipe_Matin
2024-11-30,Ligne_1,Produit_B,189,6,19.0,Equipe_Matin
2024-11-30,Ligne_2,Produit_A,476,15,24.0,Equipe_Matin
2024-11-30,Ligne_2,Produit_B,64,1,70.0,Equipe_Nuit
2024-11-30,Ligne_2,Produit_C,129,7,9.0,Equipe_Nuit
2024-11-30,Ligne_3,Produit_A,462,8,7.0,Equipe_Matin
2024-11-30,Ligne_3,Produit_B,152,9,2.0,Equipe_Nuit
2024-11-30,Ligne_3,Produit_C,53,0,0.0,Equipe_Matin
2024-12-02,Ligne_1,Produit_C,91,4,7.0,Equipe_Matin
2024-12-02,Ligne_2,Produit_B,285,5,33.0,Equipe_Apres_Midi
2024-12-02,Ligne_2,Produit_C,363,5,4.0,Equipe_Matin
2024-12-02,Ligne_3,Produit_A,430,17,42.0,Equipe_Nuit
2024-12-02,Ligne_3,Produit_B,349,13,8.0,Equipe_Matin
2024-12-02,Ligne_3,Produit_C,205,5,19.0,Equipe_Apres_Midi
2024-12-03,Ligne_1,Produit_A,68,1,16.0,Equipe_Apres_Midi
2024-12-03,Ligne_1,Produit_B,373,11,28.0,Equipe_Nuit
2024-12-03,Ligne_2,Produit_A,437,14,6.0,Equipe_Matin
2024-12-03,Ligne_2,Produit_B,349,7,2.0,Equipe_Matin
2024-12-03,Ligne_2,Produit_C,250,8,3.0,Equipe_Apres_Midi
2024-12-03,Ligne_3,Produit_A,416,10,5.0,Equipe_Apres_Midi
2024-12-03,Ligne_3,Produit_B,471,25,4.0,Equipe_Nuit
2024-12-04,Ligne_2,Produit_C,68,1,16.0,Equipe_Nuit
2024-12-05,Ligne_2,Produit_A,275,13,4.0,Equipe_Nuit
2024-12-05,Ligne_2,Produit_B,178,6,1.0,Equipe_Nuit
2024-12-05,Ligne_3,Produit_A,423,8,15.0,Equipe_Apres_Midi
2024-12-06,Ligne_1,Produit_A,336,15,7.0,Equipe_Nuit
2024-12-06,Ligne_1,Produit_C,66,4,3.0,Equipe_Matin
2024-12-06,Ligne_2,Produit_B,215,9,,Equipe_Nuit
2024-12-06,Ligne_3,Produit_B,202,8,5.0,Equipe_Apres_Midi
2024-12-06,Ligne_3,Produit_C,266,10,10.0,Equipe_Matin
2024-12-07,Ligne_1,Produit_A,486,21,2.0,Equipe_Matin
2024-12-07,Ligne_2,Produit_C,152,7,12.0,Equipe_Apres_Midi
2024-12-07,Ligne_3,Produit_A,331,13,3.0,Equipe_Apres_Midi
2024-12-07,Ligne_3,Produit_C,331,21,11.0,Equipe_Apres_Midi
2024-12-09,Ligne_1,Produit_C,355,9,46.0,Equipe_Matin
2024-12-09,Ligne_2,Produit_C,209,5,2.0,Equipe_Apres_Midi
2024-12-09,Ligne_3,Produit_A,103,5,2.0,Equipe_Apres_Midi
2024-12-09,Ligne_3,Produit_C,434,15,7.0,Equipe_Matin
2024-12-10,Ligne_1,Produit_C,297,8,43.0,Equipe_Apres_Midi
2024-12-10,Ligne_2,Produit_B,352,16,35.0,Equipe_Nuit
2024-12-10,Ligne_3,Produit_A,446,11,67.0,Equipe_Matin
2024-12-10,Ligne_3,Produit_C,240,4,16.0,Equipe_Matin
2024-12-11,Ligne_1,Produit_B,109,5,8.0,Equipe_Nuit
2024-12-11,Ligne_1,Produit_C,338,16,17.0,Equipe_Nuit
2024-12-11,Ligne_2,Produit_A,327,15,3.0,Equipe_Nuit
2024-12-11,Ligne_2,Produit_B,374,17,0.0,Equipe_Apres_Midi
2024-12-11,Ligne_3,Produit_B,423,11,24.0,Equipe_Apres_Midi
2024-12-12,Ligne_1,Produit_A,383,8,24.0,Equipe_Matin
2024-12-12,Ligne_2,Produit_A,247,7,41.0,Equipe_Matin
2024-12-12,Ligne_2,Produit_C,391,14,51.0,Equipe_Matin
2024-12-12,Ligne_3,Produit_A,261,7,30.0,Equipe_Matin
2024-12-13,Ligne_1,Produit_A,387,24,0.0,Equipe_Nuit
2024-12-13,Ligne_1,Produit_B,97,3,10.0,Equipe_Matin
2024-12-13,Ligne_1,Produit_C,288,11,75.0,Equipe_Matin
2024-12-13,Ligne_3,Produit_B,434,18,2.0,Equipe_Apres_Midi
2024-12-13,Ligne_3,Produit_C,177,4,3.0,Equipe_Matin
2024-12-14,Ligne_1,Produit_A,236,6,21.0,Equipe_Nuit
2024-12-14,Ligne_2,Produit_A,151,6,37.0,Equipe_Nuit
2024-12-14,Ligne_2,Produit_B,364,15,26.0,Equipe_Nuit
2024-12-14,Ligne_2,Produit_C,266,5,,Equipe_Matin
2024-12-14,Ligne_3,Produit_A,162,3,29.0,Equipe_Nuit
2024-12-14,Ligne_3,Produit_B,441,9,23.0,Equipe_Matin
2024-12-16,Ligne_1,Produit_A,109,6,4.0,Equipe_Nuit
2024-12-16,Ligne_1,Produit_B,232,8,10.0,Equipe_Nuit
2024-12-16,Ligne_1,Produit_C,338,16,23.0,Equipe_Nuit
2024-12-16,Ligne_2,Produit_A,455,21,16.0,Equipe_Nuit
2024-12-16,Ligne_3,Produit_A,105,6,34.0,Equipe_Nuit
2024-12-16,Ligne_3,Produit_B,399,21,3.0,Equipe_Nuit
2024-12-17,Ligne_1,Produit_B,290,11,1.0,Equipe_Nuit
2024-12-17,Ligne_2,Produit_A,390,11,10.0,Equipe_Apres_Midi
2024-12-17,Ligne_3,Produit_A,483,13,14.0,Equipe_Matin
2024-12-17,Ligne_3,Produit_B,156,9,11.0,Equipe_Nuit
2024-12-17,Ligne_3,Produit_C,222,8,70.0,Equipe_Nuit
2024-12-18,Ligne_1,Produit_A,394,-21,5.0,Equipe_Nuit
2024-12-18,Ligne_1,Produit_C,141,6,24.0,Equipe_Apres_Midi
2024-12-18,Ligne_2,Produit_B,413,12,6.0,Equipe_Matin
2024-12-18,Ligne_2,Produit_C,397,20,13.0,Equipe_Apres_Midi
2024-12-18,Ligne_3,Produit_C,182,7,22.0,Equipe_Apres_Midi
2024-12-19,Ligne_1,Produit_A,444,23,24.0,Equipe_Nuit
2024-12-19,Ligne_1,Produit_C,397,12,14.0,Equipe_Nuit
2024-12-19,Ligne_2,Produit_C,489,17,4.0,Equipe_Matin
2024-12-19,Ligne_3,Produit_A,108,4,0.0,Equipe_Apres_Midi
2024-12-19,Ligne_3,Produit_B,157,13,22.0,Equipe_Nuit
2024-12-19,Ligne_3,Produit_C,219,7,7.0,Equipe_Nuit
2024-12-20,Ligne_1,Produit_C,420,4,29.0,Equipe_Apres_Midi
2024-12-20,Ligne_2,Produit_A,442,19,15.0,Equipe_Apres_Midi
2024-12-20,Ligne_2,Produit_B,287,11,14.0,Equipe_Apres_Midi
2024-12-20,Ligne_2,Produit_C,262,4,26.0,Equipe_Matin
2024-12-20,Ligne_3,Produit_A,340,9,8.0,Equipe_Matin
2024-12-20,Ligne_3,Produit_B,465,14,21.0,Equipe_Matin
2024-12-21,Ligne_1,Produit_B,333,8,6.0,Equipe_Apres_Midi
2024-12-21,Ligne_1,Produit_C,463,23,5.0,Equipe_Nuit
2024-12-21,Ligne_2,Produit_B,245,16,36.0,Equipe_Nuit
2024-12-21,Ligne_3,Produit_A,251,2,10.0,Equipe_Apres_Midi
2024-12-21,Ligne_3,Produit_C,111,1,4.0,Equipe_Nuit
2024-12-23,Ligne_1,Produit_A,238,7,40.0,Equipe_Apres_Midi
2024-12-23,Ligne_1,Produit_B,286,18,9.0,Equipe_Nuit
2024-12-23,Ligne_1,Produit_C,294,7,6.0,Equipe_Matin
2024-12-23,Ligne_2,Produit_A,224,9,,Equipe_Matin
2024-12-23,Ligne_2,Produit_B,251,12,10.0,Equipe_Matin
2024-12-23,Ligne_3,Produit_B,153,2,21.0,Equipe_Matin
2024-12-23,Ligne_3,Produit_C,354,11,57.0,Equipe_Matin
2024-12-24,Ligne_1,Produit_B,202,6,24.0,Equipe_Apres_Midi
2024-12-24,Ligne_2,Produit_C,75,6,12.0,Equipe_Nuit
2024-12-24,Ligne_3,Produit_B,315,14,12.0,Equipe_Nuit
2024-12-24,Ligne_3,Produit_C,384,9,10.0,Equipe_Apres_Midi
2024-12-25,Ligne_1,Produit_A,244,13,36.0,Equipe_Nuit
2024-12-25,Ligne_1,Produit_C,267,5,23.0,Equipe_Apres_Midi
2024-12-25,Ligne_2,Produit_B,473,10,2.0,Equipe_Apres_Midi
2024-12-25,Ligne_3,Produit_C,384,11,6.0,Equipe_Matin
2024-12-26,Ligne_1,Produit_A,134,7,6.0,Equipe_Matin
2024-12-26,Ligne_1,Produit_B,135,5,5.0,Equipe_Matin
2024-12-26,Ligne_2,Produit_B,82,1,31.0,Equipe_Apres_Midi
2024-12-26,Ligne_3,Produit_A,225,8,13.0,Equipe_Apres_Midi
2024-12-26,Ligne_3,Produit_C,170,8,8.0,Equipe_Nuit
2024-12-27,Ligne_1,Produit_B,273,13,9.0,Equipe_Matin
2024-12-27,Ligne_1,Produit_C,472,12,6.0,Equipe_Apres_Midi
2024-12-27,Ligne_2,Produit_A,434,10,0.0,Equipe_Apres_Midi
2024-12-27,Ligne_3,Produit_A,50,0,6.0,Equipe_Matin
2024-12-27,Ligne_3,Produit_B,268,19,4.0,Equipe_Nuit
2024-12-28,Ligne_1,Produit_A,251,8,27.0,Equipe_Apres_Midi
2024-12-28,Ligne_1,Produit_B,427,14,18.0,Equipe_Apres_Midi
2024-12-28,Ligne_1,Produit_C,151,5,5.0,Equipe_Matin
2024-12-28,Ligne_2,Produit_B,235,14,34.0,Equipe_Nuit
2024-12-28,Ligne_3,Produit_A,210,7,4.0,Equipe_Apres_Midi
2024-12-28,Ligne_3,Produit_C,351,9,2.0,Equipe_Matin
2024-12-30,Ligne_1,Produit_A,56,2,,Equipe_Apres_Midi
2024-12-30,Ligne_2,Produit_A,353,8,0.0,Equipe_Apres_Midi
2024-12-30,Ligne_2,Produit_C,204,11,10.0,Equipe_Nuit
2024-12-30,Ligne_3,Produit_A,375,12,3.0,Equipe_Matin
2024-12-30,Ligne_3,Produit_C,261,6,0.0,Equipe_Matin
2024-12-31,Ligne_1,Produit_C,231,9,18.0,Equipe_Nuit
2024-12-31,Ligne_2,Produit_A,464,19,8.0,Equipe_Nuit
2024-12-31,Ligne_3,Produit_A,267,11,7.0,Equipe_Apres_Midi
